micsearch_170	micsearch_170
micsearch_170	micsearch_175
micsearch_170	micsearch_176
micsearch_170	micsearch_179
micsearch_170	micsearch_180
micsearch_170	micsearch_124
micsearch_170	micsearch_168
micsearch_330	micsearch_330
micsearch_330	micsearch_374
micsearch_554	micsearch_554
micsearch_171	micsearch_171
micsearch_203	micsearch_203
micsearch_203	micsearch_236
micsearch_203	micsearch_243
micsearch_203	micsearch_187
micsearch_203	micsearch_190
micsearch_203	micsearch_191
micsearch_203	micsearch_623
micsearch_619	micsearch_619
micsearch_619	micsearch_526
micsearch_619	micsearch_531
micsearch_619	micsearch_594
micsearch_619	micsearch_595
micsearch_619	micsearch_599
micsearch_428	micsearch_428
micsearch_652	micsearch_652
micsearch_208	micsearch_208
micsearch_208	micsearch_174
micsearch_208	micsearch_161
micsearch_208	micsearch_140
micsearch_208	micsearch_145
micsearch_208	micsearch_150
micsearch_208	micsearch_214
micsearch_208	micsearch_155
micsearch_208	micsearch_157
micsearch_208	micsearch_159
micsearch_656	micsearch_656
micsearch_113	micsearch_113
micsearch_209	micsearch_209
micsearch_209	micsearch_160
micsearch_401	micsearch_401
micsearch_146	micsearch_146
micsearch_146	micsearch_134
micsearch_146	micsearch_138
micsearch_146	micsearch_139
micsearch_146	micsearch_141
micsearch_146	micsearch_142
micsearch_146	micsearch_144
micsearch_146	micsearch_149
micsearch_146	micsearch_154
micsearch_146	micsearch_158
micsearch_146	micsearch_147
micsearch_146	micsearch_151
micsearch_146	micsearch_123
micsearch_146	micsearch_128
micsearch_146	micsearch_137
micsearch_146	micsearch_177
micsearch_146	micsearch_131
micsearch_146	micsearch_163
micsearch_146	micsearch_167
micsearch_178	micsearch_178
micsearch_178	micsearch_189
micsearch_178	micsearch_263
micsearch_626	micsearch_626
micsearch_83	micsearch_83
micsearch_83	micsearch_20
micsearch_83	micsearch_38
micsearch_83	micsearch_68
micsearch_83	micsearch_253
micsearch_83	micsearch_261
micsearch_83	micsearch_265
micsearch_83	micsearch_62
micsearch_83	micsearch_64
micsearch_83	micsearch_1
micsearch_83	micsearch_2
micsearch_83	micsearch_3
micsearch_83	micsearch_4
micsearch_83	micsearch_5
micsearch_83	micsearch_9
micsearch_83	micsearch_11
micsearch_83	micsearch_13
micsearch_83	micsearch_21
micsearch_83	micsearch_63
micsearch_83	micsearch_173
micsearch_83	micsearch_73
micsearch_83	micsearch_85
micsearch_83	micsearch_86
micsearch_83	micsearch_540
micsearch_83	micsearch_133
micsearch_83	micsearch_70
micsearch_83	micsearch_433
micsearch_148	micsearch_148
micsearch_148	micsearch_499
micsearch_53	micsearch_53
micsearch_53	micsearch_56
micsearch_53	micsearch_69
micsearch_53	micsearch_58
micsearch_53	micsearch_61
micsearch_53	micsearch_75
micsearch_53	micsearch_40
micsearch_53	micsearch_41
micsearch_53	micsearch_48
micsearch_53	micsearch_59
micsearch_53	micsearch_60
micsearch_53	micsearch_77
micsearch_53	micsearch_116
micsearch_53	micsearch_505
micsearch_53	micsearch_445
micsearch_53	micsearch_471
micsearch_661	micsearch_661
micsearch_278	micsearch_278
micsearch_502	micsearch_502
micsearch_87	micsearch_87
micsearch_87	micsearch_88
micsearch_87	micsearch_90
micsearch_87	micsearch_91
micsearch_87	micsearch_92
micsearch_183	micsearch_183
micsearch_343	micsearch_343
micsearch_535	micsearch_535
micsearch_535	micsearch_657
micsearch_631	micsearch_631
micsearch_631	micsearch_667
micsearch_631	micsearch_654
micsearch_631	micsearch_610
micsearch_631	micsearch_627
micsearch_631	micsearch_630
micsearch_631	micsearch_607
micsearch_631	micsearch_426
micsearch_631	micsearch_498
micsearch_631	micsearch_476
micsearch_631	micsearch_478
micsearch_663	micsearch_663
micsearch_120	micsearch_120
micsearch_120	micsearch_127
micsearch_600	micsearch_600
micsearch_600	micsearch_571
micsearch_600	micsearch_604
micsearch_600	micsearch_605
micsearch_600	micsearch_606
micsearch_409	micsearch_409
micsearch_409	micsearch_365
micsearch_409	micsearch_411
micsearch_409	micsearch_413
micsearch_409	micsearch_222
micsearch_409	micsearch_385
micsearch_601	micsearch_601
micsearch_186	micsearch_186
micsearch_186	micsearch_256
micsearch_666	micsearch_666
micsearch_539	micsearch_539
micsearch_539	micsearch_533
micsearch_539	micsearch_392
micsearch_539	micsearch_362
micsearch_539	micsearch_394
micsearch_539	micsearch_555
micsearch_539	micsearch_272
micsearch_539	micsearch_432
micsearch_539	micsearch_412
micsearch_539	micsearch_544
micsearch_539	micsearch_551
micsearch_539	micsearch_500
micsearch_539	micsearch_467
micsearch_539	micsearch_676
micsearch_539	micsearch_668
micsearch_539	micsearch_669
micsearch_539	micsearch_670
micsearch_539	micsearch_389
micsearch_539	micsearch_224
micsearch_539	micsearch_632
micsearch_539	micsearch_455
micsearch_539	micsearch_399
micsearch_539	micsearch_427
micsearch_539	micsearch_423
micsearch_539	micsearch_351
micsearch_539	micsearch_635
micsearch_539	micsearch_417
micsearch_539	micsearch_314
micsearch_539	micsearch_522
micsearch_539	micsearch_649
micsearch_539	micsearch_260
micsearch_539	micsearch_397
micsearch_539	micsearch_406
micsearch_539	micsearch_223
micsearch_539	micsearch_353
micsearch_539	micsearch_419
micsearch_539	micsearch_425
micsearch_539	micsearch_335
micsearch_539	micsearch_435
micsearch_539	micsearch_442
micsearch_539	micsearch_671
micsearch_539	micsearch_328
micsearch_539	micsearch_376
micsearch_539	micsearch_347
micsearch_539	micsearch_356
micsearch_539	micsearch_285
micsearch_539	micsearch_257
micsearch_539	micsearch_516
micsearch_539	micsearch_398
micsearch_539	micsearch_430
micsearch_539	micsearch_597
micsearch_539	micsearch_464
micsearch_539	micsearch_373
micsearch_539	micsearch_420
micsearch_539	micsearch_429
micsearch_539	micsearch_493
micsearch_539	micsearch_503
micsearch_539	micsearch_195
micsearch_539	micsearch_230
micsearch_539	micsearch_235
micsearch_539	micsearch_334
micsearch_539	micsearch_366
micsearch_539	micsearch_211
micsearch_539	micsearch_340
micsearch_539	micsearch_437
micsearch_539	micsearch_249
micsearch_539	micsearch_346
micsearch_539	micsearch_416
micsearch_539	micsearch_582
micsearch_539	micsearch_327
micsearch_539	micsearch_360
micsearch_539	micsearch_339
micsearch_539	micsearch_329
micsearch_539	micsearch_523
micsearch_539	micsearch_358
micsearch_539	micsearch_336
micsearch_539	micsearch_350
micsearch_539	micsearch_615
micsearch_539	micsearch_637
micsearch_539	micsearch_242
micsearch_539	micsearch_402
micsearch_539	micsearch_434
micsearch_539	micsearch_212
micsearch_539	micsearch_529
micsearch_539	micsearch_449
micsearch_539	micsearch_643
micsearch_539	micsearch_586
micsearch_539	micsearch_587
micsearch_539	micsearch_558
micsearch_539	micsearch_538
micsearch_539	micsearch_572
micsearch_539	micsearch_575
micsearch_539	micsearch_515
micsearch_539	micsearch_487
micsearch_539	micsearch_488
micsearch_539	micsearch_524
micsearch_539	micsearch_468
micsearch_539	micsearch_536
micsearch_539	micsearch_537
micsearch_539	micsearch_507
micsearch_539	micsearch_672
micsearch_539	micsearch_677
micsearch_539	micsearch_560
micsearch_539	micsearch_568
micsearch_539	micsearch_655
micsearch_93	micsearch_93
micsearch_381	micsearch_381
micsearch_381	micsearch_321
micsearch_381	micsearch_354
micsearch_381	micsearch_291
micsearch_381	micsearch_323
micsearch_381	micsearch_292
micsearch_381	micsearch_324
micsearch_381	micsearch_293
micsearch_381	micsearch_295
micsearch_381	micsearch_297
micsearch_381	micsearch_331
micsearch_381	micsearch_268
micsearch_381	micsearch_300
micsearch_381	micsearch_301
micsearch_381	micsearch_333
micsearch_381	micsearch_238
micsearch_381	micsearch_270
micsearch_381	micsearch_302
micsearch_381	micsearch_271
micsearch_381	micsearch_304
micsearch_381	micsearch_273
micsearch_381	micsearch_305
micsearch_381	micsearch_337
micsearch_381	micsearch_274
micsearch_381	micsearch_306
micsearch_381	micsearch_338
micsearch_381	micsearch_275
micsearch_381	micsearch_276
micsearch_381	micsearch_308
micsearch_381	micsearch_277
micsearch_381	micsearch_309
micsearch_381	micsearch_341
micsearch_381	micsearch_246
micsearch_381	micsearch_311
micsearch_381	micsearch_280
micsearch_381	micsearch_281
micsearch_381	micsearch_282
micsearch_381	micsearch_251
micsearch_381	micsearch_283
micsearch_381	micsearch_315
micsearch_381	micsearch_284
micsearch_381	micsearch_316
micsearch_381	micsearch_348
micsearch_381	micsearch_286
micsearch_381	micsearch_287
micsearch_381	micsearch_288
micsearch_381	micsearch_320
micsearch_381	micsearch_352
micsearch_381	micsearch_310
micsearch_381	micsearch_424
micsearch_381	micsearch_567
micsearch_573	micsearch_573
micsearch_97	micsearch_97
micsearch_97	micsearch_216
micsearch_97	micsearch_7
micsearch_97	micsearch_255
micsearch_97	micsearch_418
micsearch_97	micsearch_103
micsearch_97	micsearch_460
micsearch_97	micsearch_461
micsearch_97	micsearch_50
micsearch_289	micsearch_289
micsearch_289	micsearch_290
micsearch_289	micsearch_307
micsearch_289	micsearch_371
micsearch_289	micsearch_312
micsearch_289	micsearch_313
micsearch_289	micsearch_258
micsearch_289	micsearch_561
micsearch_289	micsearch_322
micsearch_289	micsearch_525
micsearch_289	micsearch_237
micsearch_641	micsearch_641
micsearch_641	micsearch_673
micsearch_98	micsearch_98
micsearch_98	micsearch_99
micsearch_98	micsearch_102
micsearch_98	micsearch_104
micsearch_98	micsearch_106
micsearch_98	micsearch_108
micsearch_98	micsearch_109
micsearch_98	micsearch_96
micsearch_98	micsearch_129
micsearch_98	micsearch_132
micsearch_98	micsearch_115
micsearch_98	micsearch_198
micsearch_98	micsearch_143
micsearch_98	micsearch_431
micsearch_98	micsearch_194
micsearch_98	micsearch_200
micsearch_130	micsearch_130
micsearch_130	micsearch_111
micsearch_130	micsearch_121
micsearch_130	micsearch_126
micsearch_130	micsearch_114
micsearch_162	micsearch_162
micsearch_226	micsearch_226
micsearch_226	micsearch_259
micsearch_226	micsearch_228
micsearch_226	micsearch_229
micsearch_226	micsearch_232
micsearch_226	micsearch_269
micsearch_226	micsearch_215
micsearch_226	micsearch_247
micsearch_226	micsearch_217
micsearch_226	micsearch_220
micsearch_226	micsearch_221
micsearch_450	micsearch_450
micsearch_642	micsearch_642
micsearch_642	micsearch_547
micsearch_642	micsearch_579
micsearch_642	micsearch_421
micsearch_642	micsearch_359
micsearch_642	micsearch_391
micsearch_642	micsearch_585
micsearch_642	micsearch_396
micsearch_642	micsearch_556
micsearch_642	micsearch_589
micsearch_642	micsearch_462
micsearch_642	micsearch_590
micsearch_642	micsearch_400
micsearch_642	micsearch_593
micsearch_642	micsearch_403
micsearch_642	micsearch_372
micsearch_642	micsearch_405
micsearch_642	micsearch_566
micsearch_642	micsearch_441
micsearch_642	micsearch_378
micsearch_642	micsearch_508
micsearch_642	micsearch_574
micsearch_642	micsearch_451
micsearch_642	micsearch_393
micsearch_642	micsearch_408
micsearch_642	micsearch_342
micsearch_642	micsearch_557
micsearch_674	micsearch_674
micsearch_674	micsearch_611
micsearch_387	micsearch_387
micsearch_387	micsearch_388
micsearch_387	micsearch_458
micsearch_387	micsearch_438
micsearch_483	micsearch_483
micsearch_483	micsearch_484
micsearch_483	micsearch_474
micsearch_483	micsearch_618
micsearch_483	micsearch_621
micsearch_483	micsearch_625
micsearch_483	micsearch_664
micsearch_483	micsearch_633
micsearch_483	micsearch_598
micsearch_483	micsearch_552
micsearch_483	micsearch_530
micsearch_675	micsearch_675
micsearch_164	micsearch_164
micsearch_644	micsearch_644
micsearch_644	micsearch_646
micsearch_644	micsearch_660
micsearch_644	micsearch_577
micsearch_644	micsearch_386
micsearch_644	micsearch_546
micsearch_644	micsearch_581
micsearch_644	micsearch_645
micsearch_644	micsearch_583
micsearch_644	micsearch_647
micsearch_644	micsearch_648
micsearch_644	micsearch_553
micsearch_644	micsearch_650
micsearch_644	micsearch_653
micsearch_644	micsearch_463
micsearch_644	micsearch_592
micsearch_644	micsearch_466
micsearch_644	micsearch_562
micsearch_644	micsearch_436
micsearch_644	micsearch_564
micsearch_644	micsearch_501
micsearch_644	micsearch_565
micsearch_644	micsearch_440
micsearch_644	micsearch_472
micsearch_644	micsearch_570
micsearch_644	micsearch_443
micsearch_644	micsearch_541
micsearch_644	micsearch_382
micsearch_644	micsearch_446
micsearch_644	micsearch_542
micsearch_644	micsearch_638
micsearch_644	micsearch_447
micsearch_644	micsearch_639
micsearch_644	micsearch_448
micsearch_644	micsearch_576
micsearch_644	micsearch_548
micsearch_644	micsearch_580
micsearch_644	micsearch_612
micsearch_644	micsearch_517
micsearch_644	micsearch_549
micsearch_644	micsearch_390
micsearch_644	micsearch_518
micsearch_644	micsearch_584
micsearch_644	micsearch_395
micsearch_644	micsearch_559
micsearch_644	micsearch_528
micsearch_644	micsearch_404
micsearch_644	micsearch_532
micsearch_644	micsearch_375
micsearch_644	micsearch_407
micsearch_644	micsearch_504
micsearch_644	micsearch_506
micsearch_644	micsearch_379
micsearch_644	micsearch_509
micsearch_644	micsearch_510
micsearch_644	micsearch_383
micsearch_644	micsearch_545
micsearch_644	micsearch_481
micsearch_644	micsearch_482
micsearch_644	micsearch_514
micsearch_644	micsearch_485
micsearch_644	micsearch_486
micsearch_644	micsearch_489
micsearch_644	micsearch_490
micsearch_644	micsearch_459
micsearch_644	micsearch_491
micsearch_644	micsearch_492
micsearch_644	micsearch_494
micsearch_644	micsearch_495
micsearch_644	micsearch_496
micsearch_644	micsearch_465
micsearch_644	micsearch_469
micsearch_644	micsearch_475
micsearch_644	micsearch_479
micsearch_644	micsearch_511
micsearch_644	micsearch_512
micsearch_644	micsearch_473
micsearch_644	micsearch_609
micsearch_644	micsearch_569
micsearch_644	micsearch_452
micsearch_644	micsearch_665
micsearch_644	micsearch_457
micsearch_644	micsearch_659
micsearch_644	micsearch_602
micsearch_37	micsearch_37
micsearch_37	micsearch_8
micsearch_37	micsearch_16
micsearch_37	micsearch_84
micsearch_101	micsearch_101
micsearch_165	micsearch_165
micsearch_165	micsearch_135
micsearch_165	micsearch_152
micsearch_165	micsearch_153
micsearch_165	micsearch_156
micsearch_165	micsearch_188
micsearch_197	micsearch_197
micsearch_197	micsearch_218
micsearch_197	micsearch_233
micsearch_197	micsearch_344
micsearch_197	micsearch_415
micsearch_325	micsearch_325
micsearch_325	micsearch_377
micsearch_325	micsearch_349
micsearch_325	micsearch_367
micsearch_325	micsearch_380
micsearch_357	micsearch_357
micsearch_453	micsearch_453
micsearch_453	micsearch_231
micsearch_453	micsearch_456
micsearch_453	micsearch_521
micsearch_453	micsearch_497
micsearch_453	micsearch_596
micsearch_453	micsearch_245
micsearch_453	micsearch_470
micsearch_453	micsearch_252
micsearch_453	micsearch_254
micsearch_453	micsearch_279
micsearch_6	micsearch_6
micsearch_6	micsearch_10
micsearch_6	micsearch_54
micsearch_6	micsearch_122
micsearch_166	micsearch_166
micsearch_166	micsearch_169
micsearch_166	micsearch_181
micsearch_166	micsearch_182
micsearch_262	micsearch_262
micsearch_262	micsearch_534
micsearch_262	micsearch_355
micsearch_262	micsearch_384
micsearch_294	micsearch_294
micsearch_326	micsearch_326
micsearch_326	micsearch_239
micsearch_326	micsearch_303
micsearch_326	micsearch_240
micsearch_326	micsearch_241
micsearch_326	micsearch_345
micsearch_326	micsearch_250
micsearch_326	micsearch_219
micsearch_326	micsearch_317
micsearch_326	micsearch_318
micsearch_326	micsearch_319
micsearch_326	micsearch_234
micsearch_326	micsearch_444
micsearch_326	micsearch_184
micsearch_326	micsearch_201
micsearch_326	micsearch_207
micsearch_326	micsearch_185
micsearch_326	micsearch_204
micsearch_326	micsearch_227
micsearch_326	micsearch_624
micsearch_326	micsearch_591
micsearch_326	micsearch_651
micsearch_326	micsearch_613
micsearch_326	micsearch_658
micsearch_326	micsearch_550
micsearch_326	micsearch_588
micsearch_326	micsearch_608
micsearch_326	micsearch_636
micsearch_326	micsearch_622
micsearch_326	micsearch_578
micsearch_326	micsearch_628
micsearch_326	micsearch_520
micsearch_326	micsearch_363
micsearch_326	micsearch_192
micsearch_326	micsearch_193
micsearch_326	micsearch_196
micsearch_326	micsearch_202
micsearch_326	micsearch_206
micsearch_326	micsearch_210
micsearch_326	micsearch_213
micsearch_326	micsearch_266
micsearch_326	micsearch_640
micsearch_326	micsearch_299
micsearch_326	micsearch_563
micsearch_326	micsearch_205
micsearch_422	micsearch_422
micsearch_422	micsearch_364
micsearch_422	micsearch_368
micsearch_422	micsearch_369
micsearch_422	micsearch_370
micsearch_422	micsearch_480
micsearch_422	micsearch_225
micsearch_422	micsearch_267
micsearch_678	micsearch_678
micsearch_678	micsearch_614
micsearch_678	micsearch_617
micsearch_678	micsearch_620
micsearch_678	micsearch_629
micsearch_678	micsearch_634
micsearch_71	micsearch_71
micsearch_71	micsearch_72
micsearch_71	micsearch_89
micsearch_71	micsearch_33
micsearch_71	micsearch_65
micsearch_71	micsearch_34
micsearch_71	micsearch_66
micsearch_71	micsearch_35
micsearch_71	micsearch_67
micsearch_71	micsearch_36
micsearch_71	micsearch_39
micsearch_71	micsearch_42
micsearch_71	micsearch_43
micsearch_71	micsearch_12
micsearch_71	micsearch_44
micsearch_71	micsearch_45
micsearch_71	micsearch_14
micsearch_71	micsearch_46
micsearch_71	micsearch_15
micsearch_71	micsearch_47
micsearch_71	micsearch_17
micsearch_71	micsearch_49
micsearch_71	micsearch_18
micsearch_71	micsearch_19
micsearch_71	micsearch_51
micsearch_71	micsearch_52
micsearch_71	micsearch_22
micsearch_71	micsearch_23
micsearch_71	micsearch_55
micsearch_71	micsearch_24
micsearch_71	micsearch_25
micsearch_71	micsearch_57
micsearch_71	micsearch_26
micsearch_71	micsearch_29
micsearch_71	micsearch_30
micsearch_71	micsearch_31
micsearch_71	micsearch_32
micsearch_71	micsearch_81
micsearch_71	micsearch_527
micsearch_71	micsearch_454
micsearch_71	micsearch_94
micsearch_71	micsearch_27
micsearch_71	micsearch_28
micsearch_71	micsearch_513
micsearch_71	micsearch_172
micsearch_199	micsearch_199
micsearch_519	micsearch_519
micsearch_519	micsearch_298
micsearch_519	micsearch_410
micsearch_519	micsearch_477
micsearch_136	micsearch_136
micsearch_136	micsearch_117
micsearch_136	micsearch_119
micsearch_136	micsearch_125
micsearch_136	micsearch_74
micsearch_136	micsearch_76
micsearch_136	micsearch_79
micsearch_136	micsearch_80
micsearch_136	micsearch_82
micsearch_136	micsearch_95
micsearch_136	micsearch_78
micsearch_136	micsearch_543
micsearch_136	micsearch_603
micsearch_136	micsearch_100
micsearch_264	micsearch_264
micsearch_296	micsearch_296
micsearch_296	micsearch_332
micsearch_296	micsearch_244
micsearch_296	micsearch_248
micsearch_616	micsearch_616
micsearch_616	micsearch_662
micsearch_105	micsearch_105
micsearch_105	micsearch_107
micsearch_105	micsearch_110
micsearch_105	micsearch_112
micsearch_105	micsearch_118
micsearch_361	micsearch_361
micsearch_361	micsearch_439
micsearch_361	micsearch_414
