cinful_1	cinful_1
cinful_1	cinful_225
cinful_1	cinful_321
cinful_1	cinful_130
cinful_1	cinful_290
cinful_1	cinful_99
cinful_1	cinful_100
cinful_1	cinful_292
cinful_1	cinful_5
cinful_1	cinful_37
cinful_1	cinful_69
cinful_1	cinful_197
cinful_1	cinful_134
cinful_1	cinful_7
cinful_1	cinful_40
cinful_1	cinful_136
cinful_1	cinful_360
cinful_1	cinful_10
cinful_1	cinful_362
cinful_1	cinful_396
cinful_1	cinful_14
cinful_1	cinful_46
cinful_1	cinful_174
cinful_1	cinful_302
cinful_1	cinful_335
cinful_1	cinful_399
cinful_1	cinful_208
cinful_1	cinful_240
cinful_1	cinful_336
cinful_1	cinful_17
cinful_1	cinful_242
cinful_1	cinful_115
cinful_1	cinful_53
cinful_1	cinful_309
cinful_1	cinful_373
cinful_1	cinful_86
cinful_1	cinful_118
cinful_1	cinful_182
cinful_1	cinful_374
cinful_1	cinful_23
cinful_1	cinful_375
cinful_1	cinful_120
cinful_1	cinful_57
cinful_1	cinful_122
cinful_1	cinful_250
cinful_1	cinful_314
cinful_1	cinful_27
cinful_1	cinful_379
cinful_1	cinful_28
cinful_1	cinful_60
cinful_1	cinful_252
cinful_1	cinful_284
cinful_1	cinful_349
cinful_1	cinful_126
cinful_1	cinful_31
cinful_1	cinful_345
cinful_1	cinful_381
cinful_1	cinful_173
cinful_1	cinful_294
cinful_1	cinful_129
cinful_1	cinful_387
cinful_1	cinful_318
cinful_33	cinful_33
cinful_33	cinful_36
cinful_33	cinful_262
cinful_33	cinful_232
cinful_33	cinful_114
cinful_33	cinful_179
cinful_33	cinful_313
cinful_33	cinful_367
cinful_33	cinful_390
cinful_193	cinful_193
cinful_193	cinful_204
cinful_257	cinful_257
cinful_257	cinful_72
cinful_257	cinful_161
cinful_257	cinful_78
cinful_289	cinful_289
cinful_289	cinful_34
cinful_289	cinful_8
cinful_289	cinful_276
cinful_289	cinful_24
cinful_289	cinful_283
cinful_289	cinful_256
cinful_289	cinful_149
cinful_289	cinful_150
cinful_289	cinful_104
cinful_289	cinful_186
cinful_353	cinful_353
cinful_385	cinful_385
cinful_385	cinful_368
cinful_385	cinful_245
cinful_385	cinful_382
cinful_2	cinful_2
cinful_2	cinful_163
cinful_2	cinful_105
cinful_2	cinful_235
cinful_2	cinful_111
cinful_2	cinful_116
cinful_2	cinful_213
cinful_2	cinful_153
cinful_2	cinful_154
cinful_2	cinful_346
cinful_2	cinful_59
cinful_2	cinful_398
cinful_2	cinful_162
cinful_2	cinful_107
cinful_194	cinful_194
cinful_194	cinful_361
cinful_194	cinful_401
cinful_3	cinful_3
cinful_3	cinful_68
cinful_3	cinful_166
cinful_3	cinful_103
cinful_3	cinful_135
cinful_3	cinful_76
cinful_3	cinful_342
cinful_3	cinful_121
cinful_3	cinful_61
cinful_67	cinful_67
cinful_67	cinful_82
cinful_195	cinful_195
cinful_195	cinful_389
cinful_195	cinful_298
cinful_195	cinful_203
cinful_195	cinful_15
cinful_195	cinful_177
cinful_195	cinful_83
cinful_195	cinful_371
cinful_195	cinful_20
cinful_195	cinful_282
cinful_195	cinful_222
cinful_195	cinful_64
cinful_195	cinful_66
cinful_195	cinful_35
cinful_195	cinful_101
cinful_195	cinful_9
cinful_195	cinful_234
cinful_195	cinful_394
cinful_195	cinful_11
cinful_195	cinful_139
cinful_195	cinful_171
cinful_195	cinful_12
cinful_195	cinful_332
cinful_195	cinful_77
cinful_195	cinful_333
cinful_195	cinful_110
cinful_195	cinful_47
cinful_195	cinful_48
cinful_195	cinful_304
cinful_195	cinful_145
cinful_195	cinful_369
cinful_195	cinful_244
cinful_195	cinful_85
cinful_195	cinful_181
cinful_195	cinful_341
cinful_195	cinful_214
cinful_195	cinful_248
cinful_195	cinful_312
cinful_195	cinful_344
cinful_195	cinful_25
cinful_195	cinful_281
cinful_195	cinful_26
cinful_195	cinful_123
cinful_195	cinful_30
cinful_195	cinful_254
cinful_195	cinful_127
cinful_195	cinful_383
cinful_195	cinful_160
cinful_195	cinful_288
cinful_195	cinful_113
cinful_195	cinful_386
cinful_195	cinful_322
cinful_195	cinful_109
cinful_227	cinful_227
cinful_227	cinful_38
cinful_227	cinful_268
cinful_227	cinful_279
cinful_227	cinful_271
cinful_227	cinful_338
cinful_227	cinful_93
cinful_291	cinful_291
cinful_291	cinful_137
cinful_291	cinful_241
cinful_291	cinful_221
cinful_291	cinful_255
cinful_132	cinful_132
cinful_132	cinful_223
cinful_132	cinful_348
cinful_132	cinful_377
cinful_132	cinful_52
cinful_260	cinful_260
cinful_260	cinful_216
cinful_260	cinful_90
cinful_260	cinful_189
cinful_260	cinful_310
cinful_356	cinful_356
cinful_356	cinful_327
cinful_356	cinful_87
cinful_356	cinful_352
cinful_356	cinful_355
cinful_356	cinful_354
cinful_356	cinful_190
cinful_388	cinful_388
cinful_388	cinful_393
cinful_133	cinful_133
cinful_133	cinful_384
cinful_165	cinful_165
cinful_165	cinful_358
cinful_165	cinful_231
cinful_165	cinful_140
cinful_165	cinful_178
cinful_165	cinful_319
cinful_293	cinful_293
cinful_293	cinful_80
cinful_293	cinful_58
cinful_325	cinful_325
cinful_325	cinful_330
cinful_325	cinful_43
cinful_325	cinful_209
cinful_325	cinful_18
cinful_325	cinful_56
cinful_325	cinful_158
cinful_167	cinful_167
cinful_200	cinful_200
cinful_264	cinful_264
cinful_264	cinful_19
cinful_264	cinful_152
cinful_264	cinful_350
cinful_264	cinful_196
cinful_264	cinful_172
cinful_264	cinful_206
cinful_264	cinful_307
cinful_264	cinful_22
cinful_264	cinful_185
cinful_264	cinful_249
cinful_264	cinful_198
cinful_264	cinful_295
cinful_264	cinful_119
cinful_264	cinful_339
cinful_264	cinful_364
cinful_264	cinful_324
cinful_264	cinful_199
cinful_264	cinful_210
cinful_264	cinful_175
cinful_296	cinful_296
cinful_296	cinful_218
cinful_296	cinful_131
cinful_296	cinful_243
cinful_392	cinful_392
cinful_73	cinful_73
cinful_201	cinful_201
cinful_202	cinful_202
cinful_266	cinful_266
cinful_44	cinful_44
cinful_45	cinful_45
cinful_45	cinful_315
cinful_45	cinful_326
cinful_269	cinful_269
cinful_301	cinful_301
cinful_301	cinful_41
cinful_301	cinful_51
cinful_301	cinful_300
cinful_365	cinful_365
cinful_397	cinful_397
cinful_176	cinful_176
cinful_176	cinful_187
cinful_176	cinful_79
cinful_176	cinful_147
cinful_176	cinful_328
cinful_400	cinful_400
cinful_146	cinful_146
cinful_146	cinful_272
cinful_146	cinful_168
cinful_146	cinful_228
cinful_146	cinful_261
cinful_146	cinful_141
cinful_146	cinful_274
cinful_146	cinful_215
cinful_146	cinful_94
cinful_370	cinful_370
cinful_370	cinful_183
cinful_370	cinful_151
cinful_370	cinful_372
cinful_370	cinful_329
cinful_402	cinful_402
cinful_402	cinful_192
cinful_343	cinful_343
cinful_343	cinful_74
cinful_343	cinful_16
cinful_343	cinful_180
cinful_343	cinful_29
cinful_343	cinful_32
cinful_343	cinful_207
cinful_343	cinful_380
cinful_343	cinful_253
cinful_343	cinful_391
cinful_88	cinful_88
cinful_88	cinful_156
cinful_88	cinful_258
cinful_88	cinful_4
cinful_88	cinful_265
cinful_88	cinful_49
cinful_88	cinful_55
cinful_88	cinful_316
cinful_88	cinful_62
cinful_88	cinful_224
cinful_88	cinful_102
cinful_88	cinful_259
cinful_88	cinful_155
cinful_88	cinful_308
cinful_88	cinful_21
cinful_88	cinful_71
cinful_88	cinful_287
cinful_88	cinful_63
cinful_184	cinful_184
cinful_184	cinful_164
cinful_184	cinful_251
cinful_184	cinful_157
cinful_184	cinful_128
cinful_184	cinful_65
cinful_184	cinful_98
cinful_184	cinful_323
cinful_184	cinful_357
cinful_184	cinful_70
cinful_184	cinful_230
cinful_184	cinful_263
cinful_184	cinful_359
cinful_184	cinful_138
cinful_184	cinful_75
cinful_184	cinful_363
cinful_184	cinful_108
cinful_184	cinful_13
cinful_184	cinful_205
cinful_184	cinful_237
cinful_184	cinful_142
cinful_184	cinful_366
cinful_184	cinful_303
cinful_184	cinful_305
cinful_184	cinful_50
cinful_184	cinful_306
cinful_184	cinful_148
cinful_184	cinful_212
cinful_184	cinful_117
cinful_184	cinful_311
cinful_184	cinful_376
cinful_184	cinful_89
cinful_184	cinful_217
cinful_184	cinful_219
cinful_184	cinful_347
cinful_184	cinful_125
cinful_184	cinful_286
cinful_184	cinful_159
cinful_184	cinful_96
cinful_184	cinful_211
cinful_184	cinful_337
cinful_184	cinful_97
cinful_124	cinful_124
cinful_124	cinful_238
cinful_124	cinful_233
cinful_124	cinful_42
cinful_124	cinful_112
cinful_124	cinful_84
cinful_124	cinful_91
cinful_124	cinful_143
cinful_124	cinful_106
cinful_124	cinful_144
cinful_124	cinful_299
cinful_124	cinful_334
cinful_124	cinful_340
cinful_124	cinful_229
cinful_188	cinful_188
cinful_188	cinful_170
cinful_188	cinful_246
cinful_188	cinful_81
cinful_188	cinful_92
cinful_285	cinful_285
cinful_317	cinful_317
cinful_95	cinful_95
cinful_191	cinful_191
cinful_351	cinful_351
cinful_351	cinful_378
cinful_351	cinful_6
cinful_320	cinful_320
cinful_320	cinful_39
cinful_320	cinful_169
cinful_320	cinful_270
cinful_320	cinful_278
cinful_320	cinful_236
cinful_320	cinful_280
cinful_320	cinful_226
cinful_320	cinful_267
cinful_320	cinful_239
cinful_320	cinful_273
cinful_320	cinful_275
cinful_320	cinful_54
cinful_320	cinful_247
cinful_320	cinful_220
cinful_320	cinful_297
cinful_320	cinful_395
cinful_320	cinful_331
cinful_320	cinful_277
