micsearch_666	micsearch_666
micsearch_666	cinful_397
cinful_269	cinful_269
cinful_301	cinful_301
cinful_301	micsearch_409
cinful_301	cinful_41
cinful_301	micsearch_411
cinful_301	micsearch_413
cinful_301	micsearch_222
cinful_301	cinful_51
cinful_301	micsearch_365
cinful_301	micsearch_385
cinful_301	cinful_300
micsearch_539	micsearch_539
micsearch_539	micsearch_533
micsearch_539	micsearch_272
micsearch_539	micsearch_432
micsearch_539	micsearch_412
micsearch_539	micsearch_544
micsearch_539	micsearch_392
micsearch_539	micsearch_362
micsearch_539	micsearch_394
micsearch_539	micsearch_555
micsearch_539	micsearch_500
micsearch_539	micsearch_551
micsearch_539	micsearch_389
micsearch_539	micsearch_224
micsearch_539	micsearch_632
cinful_79	cinful_79
cinful_79	cinful_147
cinful_79	cinful_328
cinful_367	cinful_367
cinful_367	micsearch_652
micsearch_93	micsearch_93
micsearch_93	cinful_285
micsearch_381	micsearch_381
micsearch_381	cinful_203
micsearch_381	cinful_15
micsearch_381	cinful_177
micsearch_381	cinful_83
micsearch_381	cinful_371
micsearch_381	cinful_20
micsearch_381	cinful_282
micsearch_381	cinful_222
micsearch_381	cinful_64
micsearch_381	micsearch_271
micsearch_381	cinful_66
micsearch_381	micsearch_304
micsearch_381	cinful_35
micsearch_381	micsearch_273
micsearch_381	micsearch_305
micsearch_381	micsearch_274
micsearch_381	micsearch_306
micsearch_381	micsearch_338
micsearch_381	cinful_101
micsearch_381	micsearch_275
micsearch_381	micsearch_276
micsearch_381	micsearch_308
micsearch_381	micsearch_277
micsearch_381	micsearch_309
micsearch_381	micsearch_341
micsearch_381	micsearch_246
micsearch_381	cinful_9
micsearch_381	micsearch_311
micsearch_381	cinful_234
micsearch_381	micsearch_280
micsearch_381	cinful_11
micsearch_381	cinful_139
micsearch_381	cinful_171
micsearch_381	micsearch_281
micsearch_381	cinful_12
micsearch_381	cinful_332
micsearch_381	micsearch_282
micsearch_381	cinful_77
micsearch_381	cinful_333
micsearch_381	micsearch_251
micsearch_381	micsearch_283
micsearch_381	micsearch_315
micsearch_381	cinful_110
micsearch_381	micsearch_284
micsearch_381	micsearch_316
micsearch_381	micsearch_348
micsearch_381	cinful_47
micsearch_381	cinful_48
micsearch_381	cinful_304
micsearch_381	micsearch_286
micsearch_381	cinful_145
micsearch_381	micsearch_287
micsearch_381	micsearch_288
micsearch_381	micsearch_320
micsearch_381	micsearch_352
micsearch_381	micsearch_321
micsearch_381	micsearch_258
micsearch_381	micsearch_322
micsearch_381	micsearch_354
micsearch_381	cinful_85
micsearch_381	cinful_181
micsearch_381	cinful_341
micsearch_381	micsearch_291
micsearch_381	micsearch_323
micsearch_381	cinful_214
micsearch_381	micsearch_292
micsearch_381	micsearch_324
micsearch_381	micsearch_293
micsearch_381	cinful_248
micsearch_381	cinful_312
micsearch_381	cinful_344
micsearch_381	cinful_25
micsearch_381	cinful_281
micsearch_381	micsearch_295
micsearch_381	cinful_26
micsearch_381	cinful_123
micsearch_381	micsearch_297
micsearch_381	micsearch_331
micsearch_381	cinful_30
micsearch_381	cinful_254
micsearch_381	micsearch_268
micsearch_381	micsearch_300
micsearch_381	cinful_127
micsearch_381	micsearch_301
micsearch_381	micsearch_333
micsearch_381	cinful_160
micsearch_381	cinful_288
micsearch_381	micsearch_238
micsearch_381	micsearch_270
micsearch_381	micsearch_302
micsearch_381	cinful_113
micsearch_381	micsearch_310
micsearch_381	cinful_386
micsearch_381	micsearch_424
micsearch_381	cinful_322
micsearch_381	micsearch_567
micsearch_381	cinful_109
micsearch_573	micsearch_573
micsearch_95	micsearch_95
micsearch_95	micsearch_7
micsearch_95	cinful_308
micsearch_351	micsearch_351
micsearch_351	micsearch_635
micsearch_351	micsearch_649
cinful_146	cinful_146
cinful_146	cinful_176
cinful_146	cinful_272
cinful_146	cinful_168
cinful_146	micsearch_174
cinful_146	micsearch_145
cinful_146	cinful_228
cinful_146	cinful_261
cinful_146	micsearch_150
cinful_146	micsearch_214
cinful_146	cinful_141
cinful_146	micsearch_155
cinful_146	micsearch_157
cinful_146	micsearch_159
cinful_146	cinful_274
cinful_146	micsearch_161
cinful_146	cinful_215
cinful_146	cinful_94
cinful_146	micsearch_140
cinful_210	cinful_210
cinful_210	micsearch_70
cinful_210	micsearch_433
cinful_210	cinful_175
cinful_370	cinful_370
cinful_370	cinful_183
cinful_370	cinful_151
cinful_370	cinful_372
cinful_370	cinful_329
micsearch_428	micsearch_428
cinful_320	cinful_320
cinful_320	cinful_39
cinful_320	cinful_169
cinful_320	cinful_270
cinful_320	cinful_278
cinful_320	cinful_236
cinful_320	cinful_280
cinful_320	cinful_226
cinful_320	cinful_267
cinful_320	cinful_239
cinful_320	cinful_273
cinful_320	micsearch_96
cinful_320	cinful_275
cinful_320	micsearch_98
cinful_320	micsearch_99
cinful_320	cinful_54
cinful_320	cinful_247
cinful_320	micsearch_102
cinful_320	micsearch_104
cinful_320	micsearch_106
cinful_320	micsearch_108
cinful_320	micsearch_109
cinful_320	cinful_220
cinful_320	micsearch_129
cinful_320	cinful_297
cinful_320	micsearch_132
cinful_320	cinful_395
cinful_320	micsearch_115
cinful_320	cinful_331
cinful_320	micsearch_143
cinful_320	micsearch_198
cinful_320	micsearch_431
cinful_320	cinful_277
cinful_320	micsearch_194
cinful_320	micsearch_200
cinful_260	cinful_260
cinful_260	micsearch_438
cinful_260	micsearch_387
cinful_260	micsearch_388
cinful_260	cinful_216
cinful_260	cinful_90
cinful_260	micsearch_458
cinful_260	cinful_189
cinful_388	cinful_388
cinful_388	micsearch_225
cinful_388	cinful_393
cinful_388	micsearch_267
micsearch_146	micsearch_146
micsearch_146	micsearch_144
micsearch_146	micsearch_149
micsearch_146	micsearch_154
micsearch_146	micsearch_158
micsearch_146	micsearch_134
micsearch_146	micsearch_138
micsearch_146	micsearch_139
micsearch_146	micsearch_141
micsearch_146	micsearch_142
micsearch_146	micsearch_147
micsearch_146	micsearch_151
micsearch_146	cinful_132
micsearch_146	micsearch_123
micsearch_146	micsearch_128
micsearch_146	cinful_223
micsearch_146	micsearch_177
micsearch_146	micsearch_137
micsearch_146	cinful_348
micsearch_146	micsearch_131
micsearch_146	cinful_377
micsearch_146	cinful_52
micsearch_146	micsearch_163
micsearch_146	micsearch_167
micsearch_178	micsearch_178
micsearch_178	cinful_351
micsearch_178	micsearch_189
micsearch_178	cinful_378
micsearch_178	cinful_6
micsearch_178	micsearch_263
micsearch_242	micsearch_242
micsearch_242	micsearch_402
micsearch_242	micsearch_434
micsearch_242	micsearch_212
micsearch_242	cinful_18
micsearch_242	cinful_158
micsearch_626	micsearch_626
cinful_133	cinful_133
cinful_133	micsearch_414
cinful_133	cinful_384
cinful_133	micsearch_439
cinful_133	micsearch_361
cinful_165	cinful_165
cinful_165	cinful_358
cinful_165	cinful_231
cinful_165	micsearch_152
cinful_165	micsearch_153
cinful_165	cinful_140
cinful_165	micsearch_156
cinful_165	cinful_178
cinful_165	micsearch_165
cinful_165	micsearch_135
cinful_165	micsearch_188
cinful_165	cinful_319
cinful_229	cinful_229
cinful_229	micsearch_69
cinful_229	micsearch_58
cinful_229	cinful_334
cinful_229	micsearch_61
cinful_229	cinful_340
cinful_293	cinful_293
cinful_293	micsearch_474
cinful_293	cinful_80
cinful_293	micsearch_483
cinful_293	micsearch_484
cinful_293	cinful_58
cinful_293	micsearch_625
cinful_293	micsearch_664
cinful_293	micsearch_633
cinful_293	micsearch_618
cinful_293	micsearch_621
cinful_293	micsearch_598
cinful_293	micsearch_600
cinful_293	micsearch_571
cinful_293	micsearch_604
cinful_293	micsearch_605
cinful_293	micsearch_606
cinful_389	cinful_389
cinful_389	micsearch_371
micsearch_83	micsearch_83
micsearch_83	micsearch_62
micsearch_83	cinful_19
micsearch_83	cinful_119
micsearch_83	micsearch_20
micsearch_83	cinful_339
micsearch_83	micsearch_68
micsearch_83	cinful_364
micsearch_83	micsearch_253
micsearch_83	cinful_324
micsearch_83	cinful_199
micsearch_83	micsearch_261
micsearch_83	micsearch_265
micsearch_499	micsearch_499
micsearch_531	micsearch_531
micsearch_531	micsearch_619
micsearch_531	micsearch_526
micsearch_531	micsearch_594
micsearch_531	micsearch_595
micsearch_531	micsearch_599
micsearch_148	micsearch_148
micsearch_148	cinful_191
micsearch_468	micsearch_468
micsearch_468	micsearch_536
micsearch_468	micsearch_537
micsearch_468	micsearch_507
micsearch_468	micsearch_672
micsearch_468	micsearch_515
micsearch_468	micsearch_487
micsearch_468	micsearch_488
micsearch_468	micsearch_524
micsearch_468	micsearch_677
micsearch_468	micsearch_560
micsearch_468	micsearch_568
micsearch_468	micsearch_655
cinful_124	cinful_124
cinful_124	cinful_238
cinful_124	micsearch_75
cinful_124	micsearch_48
cinful_124	cinful_233
cinful_124	cinful_42
cinful_124	micsearch_59
cinful_124	micsearch_60
cinful_124	cinful_112
cinful_124	cinful_84
cinful_124	micsearch_40
cinful_124	cinful_91
cinful_124	micsearch_41
cinful_124	cinful_143
cinful_124	micsearch_77
cinful_124	micsearch_116
cinful_124	micsearch_505
cinful_124	cinful_106
cinful_124	micsearch_445
cinful_124	micsearch_471
cinful_124	cinful_144
cinful_124	cinful_299
cinful_188	cinful_188
cinful_188	cinful_170
cinful_188	cinful_246
cinful_188	micsearch_87
cinful_188	micsearch_88
cinful_188	micsearch_90
cinful_188	micsearch_91
cinful_188	micsearch_92
cinful_188	cinful_81
cinful_188	cinful_92
micsearch_554	micsearch_554
micsearch_660	micsearch_660
micsearch_660	micsearch_644
micsearch_660	cinful_321
micsearch_660	micsearch_463
micsearch_660	cinful_290
micsearch_660	micsearch_592
micsearch_660	cinful_99
micsearch_660	cinful_100
micsearch_660	cinful_292
micsearch_660	micsearch_466
micsearch_660	micsearch_562
micsearch_660	cinful_5
micsearch_660	cinful_37
micsearch_660	cinful_197
micsearch_660	micsearch_436
micsearch_660	micsearch_564
micsearch_660	micsearch_501
micsearch_660	micsearch_565
micsearch_660	cinful_10
micsearch_660	cinful_362
micsearch_660	micsearch_440
micsearch_660	micsearch_472
micsearch_660	cinful_396
micsearch_660	micsearch_570
micsearch_660	micsearch_443
micsearch_660	cinful_174
micsearch_660	cinful_302
micsearch_660	cinful_335
micsearch_660	cinful_399
micsearch_660	micsearch_541
micsearch_660	cinful_336
micsearch_660	micsearch_382
micsearch_660	micsearch_446
micsearch_660	micsearch_542
micsearch_660	micsearch_638
micsearch_660	micsearch_447
micsearch_660	micsearch_639
micsearch_660	cinful_114
micsearch_660	micsearch_448
micsearch_660	micsearch_576
micsearch_660	cinful_115
micsearch_660	micsearch_577
micsearch_660	micsearch_386
micsearch_660	micsearch_546
micsearch_660	cinful_86
micsearch_660	cinful_182
micsearch_660	cinful_374
micsearch_660	micsearch_452
micsearch_660	micsearch_581
micsearch_660	micsearch_645
micsearch_660	cinful_313
micsearch_660	micsearch_583
micsearch_660	micsearch_647
micsearch_660	micsearch_648
micsearch_660	cinful_27
micsearch_660	cinful_379
micsearch_660	micsearch_553
micsearch_660	cinful_60
micsearch_660	micsearch_650
micsearch_660	micsearch_653
micsearch_660	micsearch_559
micsearch_660	micsearch_528
micsearch_660	micsearch_404
micsearch_660	micsearch_532
micsearch_660	micsearch_375
micsearch_660	micsearch_407
micsearch_660	micsearch_504
micsearch_660	micsearch_506
micsearch_660	micsearch_379
micsearch_660	micsearch_509
micsearch_660	micsearch_510
micsearch_660	micsearch_383
micsearch_660	micsearch_548
micsearch_660	micsearch_580
micsearch_660	micsearch_612
micsearch_660	micsearch_517
micsearch_660	micsearch_549
micsearch_660	micsearch_390
micsearch_660	micsearch_518
micsearch_660	micsearch_584
micsearch_660	micsearch_395
micsearch_660	cinful_173
micsearch_660	cinful_294
micsearch_660	micsearch_545
micsearch_660	micsearch_646
micsearch_660	cinful_36
micsearch_660	cinful_262
micsearch_660	cinful_232
micsearch_660	cinful_179
micsearch_660	cinful_252
micsearch_660	cinful_126
micsearch_660	cinful_31
micsearch_660	cinful_1
micsearch_660	cinful_225
micsearch_660	micsearch_495
micsearch_660	cinful_130
micsearch_660	micsearch_496
micsearch_660	cinful_69
micsearch_660	cinful_134
micsearch_660	cinful_7
micsearch_660	cinful_40
micsearch_660	cinful_136
micsearch_660	micsearch_475
micsearch_660	cinful_46
micsearch_660	cinful_208
micsearch_660	cinful_240
micsearch_660	cinful_17
micsearch_660	micsearch_511
micsearch_660	cinful_242
micsearch_660	micsearch_512
micsearch_660	micsearch_481
micsearch_660	micsearch_482
micsearch_660	micsearch_514
micsearch_660	cinful_309
micsearch_660	cinful_373
micsearch_660	cinful_118
micsearch_660	cinful_23
micsearch_660	cinful_375
micsearch_660	cinful_120
micsearch_660	micsearch_486
micsearch_660	cinful_57
micsearch_660	cinful_122
micsearch_660	cinful_250
micsearch_660	cinful_314
micsearch_660	micsearch_489
micsearch_660	cinful_28
micsearch_660	cinful_284
micsearch_660	micsearch_490
micsearch_660	micsearch_459
micsearch_660	micsearch_491
micsearch_660	micsearch_492
micsearch_660	micsearch_494
micsearch_660	micsearch_473
micsearch_660	cinful_345
micsearch_660	micsearch_665
micsearch_660	micsearch_609
micsearch_660	micsearch_569
micsearch_660	cinful_381
micsearch_660	cinful_33
micsearch_660	micsearch_465
micsearch_660	micsearch_469
micsearch_660	cinful_360
micsearch_660	cinful_14
micsearch_660	micsearch_479
micsearch_660	cinful_53
micsearch_660	micsearch_485
micsearch_660	cinful_349
micsearch_660	cinful_387
micsearch_660	micsearch_659
micsearch_660	micsearch_552
micsearch_660	micsearch_457
micsearch_660	micsearch_530
cinful_167	cinful_167
cinful_167	micsearch_171
cinful_391	cinful_391
cinful_391	micsearch_384
micsearch_53	micsearch_53
micsearch_53	micsearch_56
micsearch_85	micsearch_85
micsearch_85	micsearch_86
micsearch_85	micsearch_73
micsearch_85	micsearch_540
micsearch_117	micsearch_117
micsearch_117	micsearch_119
micsearch_117	micsearch_125
micsearch_117	cinful_88
micsearch_117	micsearch_136
micsearch_117	cinful_156
micsearch_117	cinful_258
micsearch_117	micsearch_80
micsearch_117	cinful_4
micsearch_117	micsearch_82
micsearch_117	cinful_265
micsearch_117	cinful_49
micsearch_117	micsearch_97
micsearch_117	micsearch_100
micsearch_117	cinful_55
micsearch_117	cinful_155
micsearch_117	cinful_316
micsearch_117	micsearch_74
micsearch_117	cinful_62
micsearch_117	micsearch_76
micsearch_117	cinful_224
micsearch_117	micsearch_78
micsearch_117	cinful_102
micsearch_117	cinful_259
micsearch_117	micsearch_50
micsearch_117	cinful_202
cinful_200	cinful_200
cinful_200	micsearch_101
cinful_264	cinful_264
cinful_264	micsearch_64
cinful_264	cinful_152
cinful_264	micsearch_38
cinful_264	cinful_350
cinful_264	cinful_196
cinful_264	micsearch_21
cinful_264	cinful_172
cinful_264	cinful_206
cinful_264	micsearch_63
cinful_264	cinful_307
cinful_264	micsearch_1
cinful_264	micsearch_2
cinful_264	micsearch_3
cinful_264	cinful_22
cinful_264	micsearch_4
cinful_264	micsearch_5
cinful_264	cinful_185
cinful_264	cinful_249
cinful_264	micsearch_9
cinful_264	micsearch_11
cinful_264	micsearch_13
cinful_264	cinful_198
cinful_264	cinful_295
cinful_264	micsearch_173
cinful_392	cinful_392
cinful_392	micsearch_199
micsearch_54	micsearch_54
micsearch_54	micsearch_6
micsearch_54	cinful_315
micsearch_54	micsearch_10
micsearch_54	cinful_45
micsearch_54	cinful_326
micsearch_54	micsearch_122
micsearch_278	micsearch_278
micsearch_374	micsearch_374
micsearch_374	micsearch_330
micsearch_406	micsearch_406
micsearch_406	micsearch_503
micsearch_406	micsearch_397
micsearch_406	micsearch_429
micsearch_406	micsearch_493
micsearch_406	micsearch_211
micsearch_406	micsearch_340
micsearch_406	micsearch_437
micsearch_406	cinful_296
micsearch_406	micsearch_249
micsearch_406	micsearch_346
micsearch_406	micsearch_416
micsearch_406	micsearch_195
micsearch_406	micsearch_230
micsearch_406	cinful_218
micsearch_406	micsearch_235
micsearch_406	micsearch_334
micsearch_406	micsearch_366
micsearch_406	micsearch_335
micsearch_406	cinful_131
micsearch_406	micsearch_435
micsearch_406	micsearch_442
micsearch_406	micsearch_671
micsearch_406	cinful_243
micsearch_406	micsearch_353
micsearch_406	micsearch_419
micsearch_406	micsearch_582
micsearch_406	micsearch_327
micsearch_406	micsearch_425
micsearch_406	micsearch_376
micsearch_406	micsearch_347
micsearch_406	micsearch_328
micsearch_406	micsearch_339
micsearch_406	micsearch_356
micsearch_406	micsearch_285
micsearch_406	micsearch_257
micsearch_406	micsearch_260
micsearch_406	micsearch_223
micsearch_406	micsearch_420
micsearch_406	micsearch_329
micsearch_406	micsearch_523
micsearch_406	micsearch_455
micsearch_406	micsearch_336
micsearch_406	micsearch_350
micsearch_406	micsearch_358
micsearch_406	micsearch_637
micsearch_406	micsearch_615
micsearch_406	micsearch_360
micsearch_406	micsearch_464
micsearch_406	micsearch_373
micsearch_502	micsearch_502
micsearch_662	micsearch_662
micsearch_662	micsearch_616
micsearch_183	micsearch_183
micsearch_343	micsearch_343
micsearch_343	cinful_400
micsearch_535	micsearch_535
micsearch_535	micsearch_657
micsearch_631	micsearch_631
micsearch_631	micsearch_667
micsearch_631	micsearch_654
micsearch_631	micsearch_627
micsearch_631	micsearch_630
micsearch_631	micsearch_607
micsearch_631	micsearch_610
micsearch_631	cinful_194
micsearch_631	micsearch_498
micsearch_631	cinful_361
micsearch_631	micsearch_476
micsearch_631	micsearch_478
micsearch_631	cinful_401
micsearch_631	micsearch_426
micsearch_663	micsearch_663
cinful_266	cinful_266
micsearch_377	micsearch_377
micsearch_377	micsearch_349
micsearch_377	micsearch_325
micsearch_377	micsearch_367
micsearch_377	micsearch_380
micsearch_601	micsearch_601
micsearch_186	micsearch_186
micsearch_186	micsearch_256
micsearch_218	micsearch_218
micsearch_218	cinful_380
micsearch_218	micsearch_344
micsearch_218	micsearch_415
micsearch_218	cinful_253
micsearch_314	micsearch_314
micsearch_314	micsearch_417
micsearch_314	micsearch_522
micsearch_410	micsearch_410
micsearch_410	micsearch_477
micsearch_410	cinful_402
micsearch_410	micsearch_519
micsearch_410	micsearch_298
micsearch_410	cinful_192
micsearch_641	micsearch_641
micsearch_673	micsearch_673
micsearch_673	cinful_310
micsearch_162	micsearch_162
micsearch_162	cinful_365
micsearch_450	micsearch_450
micsearch_674	micsearch_674
micsearch_674	micsearch_611
cinful_21	cinful_21
cinful_21	micsearch_103
cinful_21	micsearch_255
cinful_21	cinful_287
cinful_21	micsearch_418
cinful_21	cinful_63
cinful_21	cinful_71
cinful_21	micsearch_460
cinful_21	micsearch_461
micsearch_294	micsearch_294
micsearch_326	micsearch_326
micsearch_326	micsearch_303
micsearch_326	micsearch_240
micsearch_326	micsearch_241
micsearch_326	cinful_8
micsearch_326	micsearch_345
micsearch_326	micsearch_250
micsearch_326	micsearch_219
micsearch_326	micsearch_317
micsearch_326	micsearch_318
micsearch_326	micsearch_319
micsearch_326	cinful_24
micsearch_326	cinful_283
micsearch_326	micsearch_299
micsearch_326	micsearch_234
micsearch_326	micsearch_444
micsearch_326	micsearch_184
micsearch_326	micsearch_201
micsearch_326	micsearch_207
micsearch_326	micsearch_185
micsearch_326	micsearch_204
micsearch_326	micsearch_227
micsearch_326	cinful_149
micsearch_326	cinful_150
micsearch_326	micsearch_624
micsearch_326	micsearch_591
micsearch_326	micsearch_651
micsearch_326	micsearch_613
micsearch_326	micsearch_658
micsearch_326	micsearch_550
micsearch_326	micsearch_588
micsearch_326	micsearch_608
micsearch_326	micsearch_636
micsearch_326	micsearch_622
micsearch_326	micsearch_628
micsearch_326	micsearch_578
micsearch_326	cinful_104
micsearch_326	cinful_186
micsearch_326	micsearch_520
micsearch_326	micsearch_363
micsearch_326	micsearch_192
micsearch_326	cinful_289
micsearch_326	cinful_276
micsearch_326	micsearch_205
micsearch_326	micsearch_661
micsearch_326	micsearch_563
micsearch_326	micsearch_239
micsearch_326	micsearch_210
micsearch_326	micsearch_213
micsearch_326	micsearch_193
micsearch_326	micsearch_196
micsearch_326	micsearch_202
micsearch_326	cinful_256
micsearch_326	micsearch_206
micsearch_326	micsearch_640
micsearch_326	cinful_34
micsearch_326	micsearch_266
micsearch_678	micsearch_678
micsearch_678	micsearch_629
micsearch_678	micsearch_634
micsearch_678	micsearch_614
micsearch_678	micsearch_617
micsearch_678	micsearch_620
micsearch_71	micsearch_71
micsearch_71	micsearch_72
micsearch_71	micsearch_89
micsearch_71	cinful_65
micsearch_71	micsearch_15
micsearch_71	micsearch_47
micsearch_71	cinful_98
micsearch_71	cinful_323
micsearch_71	micsearch_17
micsearch_71	micsearch_49
micsearch_71	micsearch_18
micsearch_71	cinful_357
micsearch_71	micsearch_19
micsearch_71	micsearch_51
micsearch_71	cinful_70
micsearch_71	cinful_230
micsearch_71	micsearch_52
micsearch_71	cinful_263
micsearch_71	cinful_359
micsearch_71	micsearch_22
micsearch_71	micsearch_23
micsearch_71	micsearch_55
micsearch_71	cinful_138
micsearch_71	micsearch_24
micsearch_71	cinful_75
micsearch_71	cinful_363
micsearch_71	micsearch_25
micsearch_71	micsearch_57
micsearch_71	cinful_108
micsearch_71	micsearch_26
micsearch_71	cinful_13
micsearch_71	cinful_205
micsearch_71	cinful_237
micsearch_71	cinful_142
micsearch_71	cinful_366
micsearch_71	cinful_303
micsearch_71	micsearch_29
micsearch_71	micsearch_30
micsearch_71	cinful_305
micsearch_71	micsearch_31
micsearch_71	cinful_50
micsearch_71	cinful_306
micsearch_71	micsearch_32
micsearch_71	micsearch_33
micsearch_71	micsearch_65
micsearch_71	cinful_148
micsearch_71	cinful_212
micsearch_71	micsearch_34
micsearch_71	micsearch_66
micsearch_71	cinful_117
micsearch_71	micsearch_35
micsearch_71	micsearch_67
micsearch_71	micsearch_36
micsearch_71	cinful_311
micsearch_71	cinful_376
micsearch_71	cinful_89
micsearch_71	cinful_217
micsearch_71	micsearch_39
micsearch_71	cinful_219
micsearch_71	cinful_347
micsearch_71	micsearch_42
micsearch_71	cinful_125
micsearch_71	micsearch_43
micsearch_71	cinful_286
micsearch_71	micsearch_12
micsearch_71	micsearch_44
micsearch_71	cinful_159
micsearch_71	micsearch_45
micsearch_71	cinful_96
micsearch_71	micsearch_14
micsearch_71	micsearch_46
micsearch_71	cinful_211
micsearch_71	cinful_337
micsearch_71	micsearch_81
micsearch_71	cinful_164
micsearch_71	cinful_251
micsearch_71	cinful_97
micsearch_71	micsearch_527
micsearch_71	micsearch_454
micsearch_71	micsearch_94
micsearch_71	cinful_184
micsearch_71	micsearch_27
micsearch_71	micsearch_28
micsearch_71	cinful_157
micsearch_71	cinful_128
micsearch_71	micsearch_513
micsearch_71	micsearch_172
micsearch_264	micsearch_264
micsearch_675	micsearch_675
micsearch_164	micsearch_164
micsearch_164	cinful_317
micsearch_516	micsearch_516
micsearch_516	micsearch_597
micsearch_516	micsearch_398
micsearch_516	micsearch_430
micsearch_516	cinful_325
micsearch_516	cinful_330
micsearch_516	cinful_43
micsearch_516	cinful_209
micsearch_516	cinful_56
cinful_343	cinful_343
cinful_343	micsearch_262
cinful_343	micsearch_534
cinful_343	cinful_74
cinful_343	cinful_207
cinful_343	cinful_180
cinful_343	cinful_29
cinful_343	cinful_32
cinful_343	cinful_16
cinful_343	micsearch_355
micsearch_133	micsearch_133
micsearch_197	micsearch_197
micsearch_197	micsearch_233
micsearch_357	micsearch_357
cinful_129	cinful_129
cinful_129	cinful_318
cinful_129	cinful_390
cinful_129	micsearch_602
cinful_193	cinful_193
cinful_193	micsearch_497
cinful_193	micsearch_596
cinful_193	micsearch_245
cinful_193	micsearch_470
cinful_193	cinful_204
cinful_193	micsearch_252
cinful_193	micsearch_254
cinful_193	micsearch_453
cinful_193	micsearch_231
cinful_193	micsearch_456
cinful_193	micsearch_521
cinful_193	micsearch_279
cinful_257	cinful_257
cinful_257	cinful_72
cinful_257	micsearch_166
cinful_257	micsearch_169
cinful_257	cinful_161
cinful_257	micsearch_181
cinful_257	micsearch_182
cinful_257	cinful_78
cinful_353	cinful_353
cinful_353	micsearch_120
cinful_353	micsearch_127
cinful_385	cinful_385
cinful_385	micsearch_368
cinful_385	micsearch_369
cinful_385	micsearch_370
cinful_385	cinful_368
cinful_385	micsearch_480
cinful_385	cinful_245
cinful_385	micsearch_422
cinful_385	cinful_382
cinful_385	micsearch_364
micsearch_79	micsearch_79
micsearch_79	micsearch_543
micsearch_79	micsearch_603
micsearch_79	micsearch_216
micsearch_111	micsearch_111
micsearch_111	micsearch_121
micsearch_111	micsearch_126
micsearch_111	micsearch_130
micsearch_111	micsearch_114
micsearch_111	cinful_201
micsearch_175	micsearch_175
micsearch_175	micsearch_176
micsearch_175	micsearch_179
micsearch_175	micsearch_180
micsearch_175	micsearch_124
micsearch_175	micsearch_170
micsearch_175	micsearch_168
micsearch_399	micsearch_399
micsearch_399	micsearch_427
micsearch_399	micsearch_423
micsearch_399	micsearch_467
micsearch_399	micsearch_668
micsearch_399	micsearch_669
micsearch_399	micsearch_670
micsearch_399	micsearch_676
cinful_2	cinful_2
cinful_2	micsearch_400
cinful_2	cinful_163
cinful_2	micsearch_593
cinful_2	micsearch_403
cinful_2	micsearch_372
cinful_2	micsearch_405
cinful_2	cinful_105
cinful_2	micsearch_408
cinful_2	cinful_235
cinful_2	micsearch_441
cinful_2	micsearch_378
cinful_2	cinful_111
cinful_2	micsearch_574
cinful_2	cinful_116
cinful_2	micsearch_642
cinful_2	cinful_213
cinful_2	micsearch_451
cinful_2	micsearch_579
cinful_2	micsearch_421
cinful_2	cinful_153
cinful_2	micsearch_359
cinful_2	micsearch_391
cinful_2	cinful_154
cinful_2	cinful_346
cinful_2	cinful_59
cinful_2	micsearch_393
cinful_2	micsearch_585
cinful_2	micsearch_396
cinful_2	micsearch_556
cinful_2	micsearch_589
cinful_2	micsearch_462
cinful_2	micsearch_590
cinful_2	micsearch_342
cinful_2	cinful_398
cinful_2	micsearch_557
cinful_2	cinful_162
cinful_2	micsearch_566
cinful_2	cinful_107
cinful_2	micsearch_508
cinful_2	micsearch_547
micsearch_16	micsearch_16
micsearch_16	cinful_356
micsearch_16	cinful_327
micsearch_16	cinful_87
micsearch_16	micsearch_37
micsearch_16	micsearch_8
micsearch_16	cinful_352
micsearch_16	cinful_355
micsearch_16	cinful_354
micsearch_16	micsearch_84
micsearch_16	cinful_190
micsearch_208	micsearch_208
micsearch_208	cinful_187
micsearch_656	micsearch_656
cinful_3	cinful_3
cinful_3	cinful_68
cinful_3	cinful_166
cinful_3	cinful_103
cinful_3	cinful_135
cinful_3	micsearch_215
cinful_3	micsearch_247
cinful_3	micsearch_217
cinful_3	cinful_76
cinful_3	micsearch_220
cinful_3	micsearch_221
cinful_3	micsearch_226
cinful_3	micsearch_259
cinful_3	cinful_342
cinful_3	micsearch_228
cinful_3	micsearch_229
cinful_3	cinful_121
cinful_3	micsearch_232
cinful_3	cinful_61
cinful_3	micsearch_269
cinful_67	cinful_67
cinful_67	micsearch_244
cinful_67	micsearch_248
cinful_67	cinful_82
cinful_67	micsearch_296
cinful_67	micsearch_332
cinful_195	cinful_195
cinful_195	micsearch_307
cinful_195	cinful_394
cinful_195	micsearch_312
cinful_195	micsearch_313
cinful_195	cinful_369
cinful_195	micsearch_289
cinful_195	cinful_244
cinful_195	micsearch_290
cinful_195	cinful_383
cinful_195	cinful_298
cinful_195	micsearch_525
cinful_195	micsearch_337
cinful_195	micsearch_561
cinful_195	micsearch_237
cinful_227	cinful_227
cinful_227	cinful_38
cinful_227	cinful_268
cinful_227	cinful_279
cinful_227	cinful_271
cinful_227	micsearch_112
cinful_227	micsearch_118
cinful_227	cinful_338
cinful_227	micsearch_105
cinful_227	cinful_93
cinful_227	micsearch_107
cinful_227	micsearch_110
cinful_291	cinful_291
cinful_291	micsearch_243
cinful_291	cinful_137
cinful_291	micsearch_187
cinful_291	micsearch_190
cinful_291	cinful_241
cinful_291	micsearch_191
cinful_291	cinful_221
cinful_291	micsearch_203
cinful_291	micsearch_236
cinful_291	cinful_255
cinful_291	micsearch_623
micsearch_113	micsearch_113
micsearch_113	cinful_44
micsearch_209	micsearch_209
micsearch_209	cinful_73
micsearch_209	micsearch_160
micsearch_401	micsearch_401
micsearch_401	cinful_95
micsearch_529	micsearch_529
micsearch_529	micsearch_538
micsearch_529	micsearch_572
micsearch_529	micsearch_575
micsearch_529	micsearch_449
micsearch_529	micsearch_643
micsearch_529	micsearch_586
micsearch_529	micsearch_587
micsearch_529	micsearch_558
