CSM5MCUO,ATGTCAGAAAAATTTATTGAGCAAGATTCCAAAATTTTTGAATTGACCGACGAAGAACTTGGCGCAATTTCCGGCGGTGCTGCAACAACATATTATTCTCAGCCGTATCAATCTTCTACCGGCGTAATGGTTGTAAGTACTGTTACAGTTTCCGGTGGCCATACTTTTGATCCTGCAACTGGAACTTTTTCCGGTTTATCATCATCCGGAACTCACGGTAGCATGGTAATAGCAGCCAGCAAACTTGATTCCTATCTGGAAAGAGTTACCGGACGCGGCAACTCTGTAATTGCGCTTGATATTGCCGGCCCCTTAGTAAAATAA
CSM67UE7,ATGAAAGAACTAAATTTGAAACAGATGGAATCTGTCAATGGTGGTCTGGAAAGTGATTGCAAAGGAGCATTGGTAAGTTTAGGAATGGGAGTTGCAGGAGTTGTGTTGTCGGCTGCTTCATTAGGATCTGGACCTGTAGGATGGGTTTCTGGATTATCTTATGGATTATCATTAGCTGGCACATCATTTAGTGGAATTTCCAATGCTTGCTCGATCGTGCGCATCAGGTATATAAAGGTAAAATACTGA
CSM67UEA,ATACTTATCAGTTTGAGTAAGACTGAATTACAGAACATTAATGGTGGAGAGGTTCCTAGAGCATACTATATGGACCAAGATGTTATAAACCAAAATTGGGATAACCTTTGCACTTTGGGAGGTTTAATATGTGGTTTTTTTCAAGGATTAGTAGGTCTTTAA
CSM79HKB,ATGGAAAACAAATTTACACCCGAACTTATTGAAAAGGCAAAATCCGCAAAAACCCCTGAAGAGCTGCTGGCGCTCGCCAAGGAAAACGGCGTGGAGCTGACGGAGGAAAGCGCGAAGGCGTATCTTGACCTGCTTCACCCGAAGACGGGCGAGCTTTCCGACAGCGAGCTGGACAACGTGGCCGGCGGCGGTTGCCTCCCATGGGCGGATGACCCCTACGATACTTGTATGGCGGACGGCTACTGTTTGTCCGACTATGTCTGCAGCCGTTGCGGCAAAAGGGCGATATATACGACATACTGGTACGCTGCAACACCTGCGGGGTCGCCGCATACTGCCATTCATGTCAGTATTGTACCTACGAAAAAGGGCTGTGGCTCTGCAATAACCCCGTTAACATGA
CSM7KORG,ATGCCGTCGCGTACTACAACCCGGTACGTCTACATAATCAGGAAGATTATCATGAGAGAATTAACCGCATTTGAAATCGAAAATGTGAGCGGCGCAGGTTGGTTACAGGATGGCCTGGCCTCCTTAGGTAGCAAGGTCGGCGCCGCCGTATGGACGATGGGCACCGATGCCCTGAGCATCAACCTGCCGCTGCTTGGCACCATTAATCTGGCCGATCTGGCGCCGGACCTGGGCAAAACCCTGGGCGAAAGCGTGGGCTCATCTATCGGCGGCACCATCGAGAGTACGCTGGCGAGCCTGCCGGTGATCGGTGGCCTGCTGAACAAGCTGCTCGGCAACTAA
CSM7KORG,ATGATAAAAATGAAAGAATTAACCGTTTTTGAAATGGAAGAAATCTCTGCCGGCGCGGATATTTTTGGCAACATTGGTGCTGCAGCGCTGGGAGCCGTTGTAGGCGCCGTATGGGGTACCCTGATCGGTGGCACCCAGTCTGGCGCGAACGGCGGCCTGCTCGGCTTTGGCCTGATTGGTAACGCTGTCGGCCCTCAGCCCGCATCCATGCGGGCTGCCCCGGCCTTCCGGGAACGTCTCAGCGATTTTGAGGCCGCCAGCACCGGCAGTTTCAGTCGCGCAAGTGGGTAA
CSM7KOSL,ATGAAGCCGTTGAATGATGACGATATGGAAAATGTATCCGGCGGCTGGAACCCTTGGGGTCCAATATTCCCTTGA
HSM5MD7Q,ATGAAAGAGTTAAGTATTCAGGAAATTGAAGCAGTTTCTGGTGCCGGTTTTATTAAAGATGGCTTAGTGGGTGTCGGCAGCAAAATTGGTGATGCGGCATTCCAGGCATTTGGTCCTTATATGAATGTCAAAGTGCCTCTGTTTGGCCAGATCAATATCGCACAGAAATTCCCGGGCTTAGGTAAAGATCTGGGATCTCAGATTGGCGGTAACGTAGGTGATAAAATCGAATCACGCTTAACATCTTTGCCGGGTGTTGGCGGTTTATTTAAAAAACTGCTCGGTTAA
HSM5MD7Q,ATGAAAGAATTAAATCAGGAACAATTATTGTTCGTTTCAGGTGCAGGGTTTATCTCTGCTGGAATGATGTTCGCCGGTATTGCATTTGATATTAGTGCTGTAATGATTTCAAATATCACCCAGAATAACGAAGAAATTGTTTTTGTTGATCATAAGGATATTTCCCGTCTCCGTTATGAGGTTATATAA
HSM67VEM_TR,ATGCCGTCGCGTACTACAACCCGGTACGTCTACATAATCAGGAAGATTATCATGAGAGAATTAACCGCGTTTGAAATCGAAAATGTGAGCGGCGCAGGCTGGTTACAGGATGGCCTGGCTTCCTTAGGCAGCAAGGTCGGCGCCGCCGCATGGACGATGGGTACCGATGCCCTGAGCATCAACCTGCCGCTGATTGGCACCCTCAATCTGGCCGACCTGAGGTCGGCCAGATTGAGGGTGCCAATCAGCGGCAGGTTGATGCTCAGGGCATCGGTACCCATCGTCCATGCGGCGGCGCCGACCTTGCTGCCTAAGGAAGCCAGGCCATCCTGTAACCAGCCTGCGCCGCTCACATTTTCGATTTCAAACGCGGTTAATTCTCTCATGATAATCTTCCTGATTATGTAG
HSM6XRQM,ATGAAAGAATTATCTATCATGGAAATGGATTACGTCTCTGGTGCCGCGGATACCCCAGGTTGGGGTACCGGTTATACCTGGGACTTTAGCTCCACCCAAAGCGCCATTACCTCTCTTGCCAATAACCTCTTCCAACTGGGCGCGGGCGTGATCGTTGGCGTCGTTGGCGGAACGCTTGGTGGCATGGCATGCGGTGCCGCCATCGCCGGCAATACCGGCGGTGGACTCGGTTTCGGCCTGATCGGTGCCCTGGGTGGCGCTGTCGTCGGCGGTGTAGCGGGATTTGTCGGTGGTCTGACCGCCGGTGTTTTTTGGGGCTTCGATACGGTTTGTCAGATTGCCGAAGATGTGCTTTACGCAGGCTTCAACGGCACTCTCGTCTTCTGGTAA
HSM7CZ38,ATGAATAAAAAAGAAAACAAAGAAAAAAAGGATATTTTAAATGCAGAAGAAAGGGAACTTAATCTGGAAGAAATGGAGCAGGTTGCAGGCGGGGGTCTCAGGAATGTTTATTATGAACAGACAAAAGAGATTGATGAAAGCATTAAAGAAAGAGTTTAG
HSM7J4G1,ATGAATGAATTAACTTTTGACGAACTTCGACAGATTGATGGAGGATCTTATGAAGAAGGTAGAGAATTGGGACATAAAATAGGTAAAGCATTTTATGGGGCCTGTGCAATGTATGGAGTGTATGTACTCTTTTGCTTATAG
HSM7J4G1,ATGGAAAACAAACACATGCGCTCACTTACTGAGCAAGAACTTCAAACCATCTATGGTGGGAACATCTTTAAGAGTATCTGGAATTCCACATATTTAGAAAACTCTCAATATGTGTTTTATGTATTTCACCATCTGCTGGATCCATATATTCAATGCTATCGTTTGTTATTTTATATATGGCTATGA
HSM7J4JJ,ATGAACACATTATTGGTAAATGATTTTTGTGAACTTTCAGAAAATGAGTTGTTTAATATTGCAGGTGGTTGGAATTGGAAAAATACTGTTGATGTAGCGGTTGCTGTAGGTTGCGTAGCTATAGGGTGTGCAGGACCAGCTGGAGTTGTAGTTGGTGGTATTGTTTCTATTGGTTATGCAATAGGTAGAGGGTTATAA
HSM7J4O9,TTGTCCAGCTCGTCGTCGGACAGCTCGCCGGTCTGGGGATGCAGCCGGTCAAAGTTTGACCGGCTGCATCCCCAGACCGGCGAGCTGTCCGACGACGAGCTGGACAACGTGGCCGGCGGCGGCTGCTACTCCAGCGGAGGACGCCTTAAAACCACCTGCGGCCACAAGTGCAGGCACTATGTGGATGGACCTTCCACCTTCGGCGTGAAGGGTACTTGCTGTCGGTGCTTGTATTGGGGCGTCGACCCCCTCGCCGTCAAGGGCGGCCTCTGGACAACGATCATAGAGCTGACCATAAGGGCGGCGAAGGCGATGGAGCCCCGTGATTGCTATCATCCGGCGAACAGAAGATGA
HSMA33KE,TTGATTTTGGATGGAGGGATATTTTTGATGGAAGACGAAATAACAAAAAGAGAGCTTTCAGATGATGAGTTGGACAATGTGTCCGGTCCGGACACATTGTCCAACTCATCATCTGAAAGCTCTCTTTTTGTTATTTCGTCTTCCATCAAAAATATCCCTCCATCCAAAATCAATTAA
MSM5LLDC,CTCAATATCCGCATTCGAAAGATAACCGAAAATGAAATTCAAAAAGTGATCGGAGGTAACCGCTTATGA
MSM6J2QR,TTGATGTATTGTAAAATTATTAATGTTATGAAAAGAGAACTTTCAAGAGAAGAAATGAAGGCAATTAAGGGTGGTGATTATTGTAATCAGCTATTTATAATAGCAAACAATAATAATCTTAGTTGCGAAGCTTGTAATGGTGCAAATGTTGGCTCTGAGAAAGGGCATTGTGGTTTTAAATTAGATTGCTCTAGAAATTGTGAGAGATAA
MSM79HAJ,TTGAAAAAATCTCAAAGGAGTTATCAGGTGCGCGAACTAAGCATCATTGAGATGGATATTGTGTCAGGAGGAAACAGTCTTGATGCCGCAGCAACAGGAGCGGGTGGAGCTATAGGTGCAGGACTCGGAAAATTTGGCGGAAGTGCGGCCGGAGCTTGGGCAGGTGCAACTGTCGGCGGTGTTCTAGGAGGACCCGTTGGAGCAGTTGTCGGCCTTATCAGTGGCAGAGTTGCCGGCGGTGCTTTTGGTACCGTTGCAGGAGCAGCTGCTGGTTCGTATGCAGGTTCGGCGGCAGCTAACGCATGGAGCAGAGGCGACAAGGCAGGTACCAACTATGATGGAGAGGGGTGTGACTATCACTAA
MSM9VZEU,TTGATTTTGGATGGAGGGATATTTTTGATGGAAGACGAAATAACAAAAAGAGAGCTTTCAGATGATGAGTTGGACAATGTGTCCGGTGGAGGATGCGAGGAGAATGCGCGAAACTGCTGTCCACAATGTGGGAGTACAGAAGCGAAAACAATTTTCAGTAGAGAAGACGGTTCTCTGAGAACCGTCTTCTCTACTGAAAATTGTTTTCGCTTCTGTACTCCCACATTGTGGACAGCAGTTTCGCGCATTCTCCTCGCATCCTCCACCGGACACATTGTCCAACTCATCATCTGA
MSM9VZIY,ATGAAAAAATTGAAAGGAAATGCTTTGATGCAGGAACTGAATGTGAATGAAATGAAAGAAGTGAGTGGTGGAATACATTGGTTAGTTGCTAGCATAGCATTTGCATTTGTATGGGATACATTAAATGATTTGGAAGGAACAGCCAATGCATGTGCTAGTGGTAGAGATAGAGCTTTAAGTATGCTTTAA
MSM9VZLV,ATGAAAGAATTAAATATAAATGAAATGAAAAGTATTGAAGGGGGAACTGGATTAACTTCTAGTATGTTAACTGCTATATATAAAACTCTTGAAGTAATTTATCAAATAGGGGAATCTCTTGGTAATTATATTCGGCGTAAAACATTTTACGCCGAATATAATTACCAAGAGATTCCCCTATTTGATAAATTACTTCAAGAGTTTTATATATAG
MSM9VZNX,ATGAGAGAAATATCAGATCACATGCTTGATTTCGTGAAAAGAGGGATGAATCTTAATGGATTACCTAGTTCTACTAATGTAATAGATCTACGAGGAAAAGATATGGGAACATATATTGATGCTAATGGAGCATGCTGGGCTCCGGGTACTCCATCCATCATCATGTATCCGGGGGGAAGTGGACCTTCTTATAGTATGAGTAGTTCCACATCCAGTGCAAACAGCGGCGGTGATGCTGCCAACTTACTGATTTAG
PSM7J12R,TTGTGCATACATTTCATCCGTGTGATAGTGGAAGAGCACTTTTTGTTAAGAACTAAAAGAGGGATTTTTATGTCAGAAATAAGAGAATTAAGTCTTAATGAGATAGCCATGGTTAGTGGTGGCGAGGGACACGGATCAGAGGTAAATCGTGACCGGCAGGATGCAAAAAATGCAGCACGTGGAAGAAGTGGGGGAAGCTGGAGTGCGCCTGCAACAACAGCAAACAATGCTGGTATCGGTATTATTGCTGGCACTATAGGAGCTATTGTTGGTCTCGCTGGAGGCCCCGTTGGGGTTGTCGCTGCGGGGGCTGTTCTTGGTGGATTGGGGGCATCAATGCCAACACCATCGTCCAGTAGTAACCGAAATTCGGGCGGTGGATGGCATGATTCAAACCCTGGTAGTGTAGCAGGACAATGTCGCTGGTAA
PSM7J12R,ATGTCAAGTATCAGGACGTTGACTTTTGAGGAAATAACAAAGGTTAGTGGTGGTGAAGGGCATGGTTCAGAATGGGCCCGGGATAAACGTGATGCCGCTATGAACGCTTCATTGAATGGCGCAGGAGCAGGGTATGGTGCAATTCCAAATATCGACGTAGTAGGCATTAATGCTGCCGGTAAATACGTTCTTTCAAATGGACAATGTATCACGTCTGTGCTTCTTGGTGCTGCTCAAGGTATAGTCGCTGCAAAAGGGGGCTCTTTGTCTTTAGCATTGCAGGCCGTGACATCACTAAGAGACGTTGCAAGTACCTGTAATAAACCGTCAGGGGTTCCATTTCGCTGA
PSM7J14L,ATGAAAATTGTAATTAGAAGTTTTATAAAGGCGAAAAACATGAACAAATTTGAAACTTTAACTTATGAAGAACTGTCAGCTGTTTTCGGTGGTAACGGTGGTAAAGCAAGACGCCGTAGAAAAATCACAAATTGTGCTAAAGCTATTGGAATGGGAGCGTTGAAGGATGGACTAAAATATGGCATTGCAGGCACTGCATTTGGTACTCCAATTGGTACAGTAGGTGGAGCTATATTTGGTGCTAATGTGGGTATTATTAGCGGATCAGTTTCTTGTGTATCACATTTGTAA
PSM7J14L,TTGATAATGAAAGAATTAAATTGTGCTGAAATTGAACTGGTTTCCGGTGCCGGATGTGTTCAGGACTCTATCACCGATCTCGGAAAAAAACTCGGTGACTGGGGTTTTGAACAGCTCGGGCCTTATCTGACGGTAGATCTGCCGGTGATCGGTAAAGTCAGCCTCAAAGATGCATATCCGGGGCTGGGCAGGGAAGTCGGCGGAAAAGTGGGTTCAGCTGTCGGCGGTTTTATTGAAGGTAAATTAGGCGGCATTGTGGATCTCGGTGGTATTTGTAAATAA
PSM7J14L,ATGCAAAATGTAAAAGAATTAAGTACGAAAGAGATGAAACAAATTATCGGTGGAGAAAATGATCACAGAATGCCTAATGAGTTAAATAGACCTAACAACTTATCTAAAGGTGGAGCAAAATGTGGTGCTGCAATTGCTGGGGGATTATTTGGAATCCCAAAAGGACCACTAGCATGGGCTGCTGGGTTAGCAAATGTATACTCTAAATGCAACTAA
PSM7J14L,ATGGAAAAGTTAATGGTATTAAATGAAGAAAAATTGAGTTATGTAATTGGTGGAGGAAATCCTAAAGTAGCACATTGTGCTAGTCAAATTGGTAGATCAACGGCTTGGGGTGCAGTTAGCGGTGCAGCTACTGGAACTGCAGTTGGTCAGGCAGTTGGTGCATTGGGTGGTGCTCTTTTCGGTGGGAGTATGGGCGTTATCAAAGGCTCAGCAGCATGTGTAAGTTATTTAACGCGTCATAGACATCATTAA
PSM7J14L,ATGAGTAAAGTTGAAGTTTTGAATGAAGAAGAATTGACTACTGTAGTTGGTGGAACACATAGTAAAGGGTTCCATCCAAGTAAAGGAATGAAGTGTTTATCAGGATTAACAACTGGATTCGGAATAGGGTTGATGAGAGGCAGTGCATTTGGTGCAGCTTGGGGTCTAGCTAAAGCGAGTGTTCTTTATTGTGGTTTAGGTCCACAGCCTCAAAAGGTATATTAA
PSM7J15Q,ATGGAAAAAGTCTATGGATATTATGGGTATACCTTTTGCTCACTATTGCAAGGAACATTAATAATGCGTGAACTCAATGAAAGTGAATTAAGTAGCGTCAGCGGTGCAGGAATGTGGGGTTCTATCGGTAGTGCGATTGGTGGGATGTTCGGTGGTGGTAGTGCTGGTTGTAATGGCAGCTATTCTCACACCAGCACCACTAATAAAGATGGTTCTCACTCTGAAAGCACATCCTTTAGCGGTGGTTGCTCGGTTAACGTTGGTGGTAAAAGCGGTGGTTCATCAAAAGGTAATGGTGGTTCGAAAAGTGGTGGTGGCCGCCAGGGTAATGATCACGGTAGACATTAA
PSM7J15S,ATGGCAACTCAAACAATTGAAAACTTTAACACCCTTGACCTCGAAACACTTGCTAGTGTTGAAGGTGGTGGATGTAGCTGGAGAGGCGCAGGTGGAGCGACTGTTCAAGGAGCTATCGGAGGAGCGTTTGGAGGTAATGTAGTTTTACCAGTTGTAGGCTCAGTTCCTGGTTATCTAGCTGGTGGTGTTCTAGGTGGTGCAGGTGGTACTGTTGCCTATTCACCTTTAATTTCAATATCAAGAAAGAAAATCTGA
PSM7J163,ATGATTGAAATTACTTCTCAGGATTTAACAGTAGTCTCAGGAGCTGGTGATGTGAACTGGGTTCAGGTTGGCCGCGATGTTGTCACGACAGGAGCTGTAATTGCCGGAGGTGCTTTCGGATCTGGTATTGGTGGTCCTGTAGTAAAATGCAAAGTTTTAAGCAGTCCTCAAACAGCCGTTGAAAAACTAAAACGTATTCTTGCCAATCAGCATCCAGCAGGCGAACACAACTCATAG
PSM7J17L,ATGAAAGAGTTAAGTAATGAAGAATTGAAAAATGTGAATGGTGGTATAGGTGTTGGACTAGTCGTGGCTGGAATAGTTGGTGTTATAGTTGGTGTTGTTTCAGGTGTTGAAGTAGCGGACTATTATCTAAAATAA
PSMA265L,GTGCCGCTTATGAGAAAACTGTCTAAAAAAGAAGCAAAAAACGTAACGGGCGGAAAGAAGTATCAGTGTAGATATTGCAGCTTTTCCACAGACAGTCGTGATGTAATGACTATGCATTATAAGGGGCTGCATAACGTTACCTGGCCGTAA
