Cluster_#	Cluster	Species_ID	Seq
1	Salmonella_enterica_subsp._enterica_serovar_1,4,[5],12:i:-_strain_PNCS014853_plasmid_p09-3649.1,_complete_sequence	Salmonella_enterica_subsp._enterica_serovar_1,4,[5],12:i:-_strain_PNCS014853_plasmid_p09-3649.1,_complete_sequence	MAGIRELTLDEITLVSGGNANSNFEGGPRNERSSGARNSLGRNAPTHIYSDPSTVKCANAVFSGMIGGAIKGGPIGMARGTIGGAVVGQCLSDHGSGNGCGNRGSSSSCSGNNVGGTCNR
1	Salmonella_enterica_subsp._enterica_serovar_1,4,[5],12:i:-_strain_PNCS014853_plasmid_p09-3649.1,_complete_sequence	Salmonella_enterica_subsp._enterica_serovar_1,4,[5],12:i:-_strain_PNCS014853_plasmid_p09-3649.1,_complete_sequence	AGIRELTLDEITLVSGGNANSNFEGGPRNERSSGARNSLGRNAPTHIYSDPSTVKCANAVFSGMIGGAIKGGPIGMARGTIGGAVVGQCLSDHGSGNGCGNRGSSSSCSGNNVGGTCNR
1	Salmonella_enterica_subsp._enterica_serovar_1,4,[5],12:i:-_strain_PNCS014853_plasmid_p09-3649.1,_complete_sequence	Salmonella_enterica_subsp._enterica_serovar_1,4,[5],12:i:-_strain_PNCS014853_plasmid_p09-3649.1,_complete_sequence	MAGIRELTLDEITLVSGGNANSNFEGGPRNERSSGARNSLGRNAPTHIYSDPSTVKCANAVFSGMIGGAIKGGPIGMARGTIGGAVVGQCLSDHGSGNGCGNRGSSNSCSGNNVGGTCNR
1	Salmonella_enterica_subsp._enterica_serovar_1,4,[5],12:i:-_strain_PNCS014853_plasmid_p09-3649.1,_complete_sequence	Escherichia_coli_strain_H18_Hel20_TF1_plasmid_pTF_H18_Hel20_TF1,_complete_sequence	MANIRELTLDEITLVSGGNANSNFEGGPRNDRSSGARNSLGRNAPTHIHRTITTRQGVL
2	Escherichia_coli_strain_CVM_N18EC0432_plasmid_pN18EC0432-2,_complete_sequence	Escherichia_coli_strain_CVM_N18EC0432_plasmid_pN18EC0432-2,_complete_sequence	MRTLTLNELDSVSGGASGRDIAMAIGTLSGQFVAGGIGAAAGGVAGGAIYDYASTHKPNPAMSPSGLGGTIKQKPEGIPSEAWNYAAGRLCNWSPNNLSDVCLLLCW
2	Escherichia_coli_strain_CVM_N18EC0432_plasmid_pN18EC0432-2,_complete_sequence	Escherichia_coli_strain_142_plasmid_pTA142-3,_complete_sequence	MRTLTLNELDFVSGGASGRDIAMAIGTLSGQFVAGGIGAAAGGVAGGAIYDYASTHKPNPAMSPSGLGGTIKQKPEGIPSEAWNYAAGRLCNWSPNNLSDVCL
2	Escherichia_coli_strain_CVM_N18EC0432_plasmid_pN18EC0432-2,_complete_sequence	Escherichia_coli_strain_CVM_N18EC0432_plasmid_pN18EC0432-2,_complete_sequence	MRTLTLNELDSVSGGASGRDIAMAIGTLSGQFVAGGIGAAAGGVAGGAIYDYASTHKPNPAMSPSGLGGTIKQKPEGIPSEAWNYAAGRLCNWSPNNLSDVCL
2	Escherichia_coli_strain_CVM_N18EC0432_plasmid_pN18EC0432-2,_complete_sequence	Escherichia_coli_strain_A130_plasmid_pA130-TEM,_complete_sequence	MRTLTLNELDSVSGGASGRDIAMAVMLPTY
3	Escherichia_coli_O10:H32_strain_NMBU-W12E19_chromosome,_complete_genome	Escherichia_coli_O10:H32_strain_NMBU-W12E19_chromosome,_complete_genome	MRNITTDELALIHGAGLDKDASVAIGTAAGGFLGKATKIPGADIAGSAIGGYIGGVIADGSNRTITIPSNGINYNPGIGLGSFNPNYNGGLLNSGFNSSTSSSSSGS
4	Escherichia_coli_strain_LBV045/18_pyometra_chromosome,_complete_genome	Escherichia_coli_strain_LBV045/18_pyometra_chromosome,_complete_genome	MRKLSENEIKQISGGDGNDGQAELIAIGSLAGTFISPGFGSIAGAYIGDKVHSWATTATVSPSMSPSGIGLSSQFGSGRGTSSASSSAGSGS
4	Escherichia_coli_strain_LBV045/18_pyometra_chromosome,_complete_genome	Escherichia_coli_strain_NCCP_14540_chromosome,_complete_genome	MRKLSENEIKQISGGDGNDGQVELISIGSLAGTFISPGFGSIAGAYIGDKVHSWATTATVSPSMSPSGIGLSSQFGSGRCTSSASSSAGSGN
4	Escherichia_coli_strain_LBV045/18_pyometra_chromosome,_complete_genome	Escherichia_coli_strain_ATCC_25922_chromosome,_complete_genome	MRKLSENEIKQISGGDGNDGQAELIAIGSLAAIFRINS
5	Escherichia_coli_strain_ATCC_25922_chromosome,_complete_genome	Escherichia_coli_strain_ATCC_25922_chromosome,_complete_genome	MREITESQLRYISGAGGAPATSANAAGAAAIVGALAGIPGGPLGVVVGAVSAGLTTAAAFWRMASSSACSASCHLRRTFSAASSLSRSDELICCCCLLRQA
5	Escherichia_coli_strain_ATCC_25922_chromosome,_complete_genome	Escherichia_coli_strain_ATCC_25922_chromosome,_complete_genome	MREITESQLRYISGAGGAPATSANAAGAAAIVGALAGIPGGPLGVVVGAVSAGLTTACCQTGRYGSNYNPKWTTRYSGESSNNSCSTCSIS
5	Escherichia_coli_strain_ATCC_25922_chromosome,_complete_genome	Escherichia_coli_strain_SCU-103_chromosome,_complete_genome	MREITESQLRYISGAGGAPATSANAAGAAAIVGALAGIPGGPLGVVVGAVSAGLTTAIGSTVGSGSASSSAGGGS
5	Escherichia_coli_strain_ATCC_25922_chromosome,_complete_genome	Escherichia_coli_strain_ATCC_25922_chromosome,_complete_genome	MREITESQLRYISGAGGAPATSANAAGAAAIVGALAGIPGGPYILSPLVFHR
5	Escherichia_coli_strain_ATCC_25922_chromosome,_complete_genome	Escherichia_coli_strain_ATCC_25922_chromosome,_complete_genome	MREITESQLRYISGAGGAPATSANAAGAAAIVGALRAAISSGSSEQWVRSTAKPSCRRRAAFWIPLAS
5	Escherichia_coli_strain_ATCC_25922_chromosome,_complete_genome	Escherichia_coli_strain_ATCC_25922_chromosome,_complete_genome	MREITESQLRYISGAGGAPKDISALLKSISNFHQTLGN
6	Citrobacter_freundii_strain_HM38_chromosome,_complete_genome	Citrobacter_freundii_strain_HM38_chromosome,_complete_genome	MSIRELSLMEIGCVSGGNANSNYESGRNAGSSSSRNNNKNGGSSNRSGFYGSLGQDVTDCNNGIIGGAIAGIMGGPAGMALGIMGGGLAGGCFSNGVYTFMLKVLVR
7	Klebsiella_aerogenes_strain_NCTC9652_genome_assembly,_chromosome:_1	Klebsiella_aerogenes_strain_NCTC9652_genome_assembly,_chromosome:_1	MSEIRELSLNEIAMVSGGEGHGSEVNRDRQDAKNAARGRSGGSWSAPATTANNAGIGIIAGTIGAIVGLAGGPVGVVAAGAVLGGLGASMPTPSSSSNRNSGGGWHDSNPGSVAGQCRW
7	Klebsiella_aerogenes_strain_NCTC9652_genome_assembly,_chromosome:_1	Klebsiella_pneumoniae_strain_CRE-243_plasmid_pCRE-243_1,_complete_sequence	MSEIRELSLNEIAMVSGGEGHGSEVNRDRQDAKNAARGRSGGSWSAPVTTANNAVRCNFFWQGINFTLPDTRSHFSASTRLFARFC
8	Enterobacter_asburiae_MRY18-106_DNA,_complete_genome	Enterobacter_asburiae_MRY18-106_DNA,_complete_genome	MRELNESELSSVSGAGMWGSIGSAIGGMFGGGSAGCNGSYSHTSTTNKDGSHSESTSFSGGCSVNVGGKSGGSSKGNGGSKSGGGRQGNDHGRH
9	Klebsiella_oxytoca_strain_KONSF-1_chromosome,_complete_genome	Klebsiella_oxytoca_strain_KONSF-1_chromosome,_complete_genome	MIEITSQDLTVVSGAGDVNWVQVGRDVVTTGAVIAGGAFGSGIGGPVVKCKVLSSPQTAVEKLKRILANQHPAGEHNS
10	Streptococcus_thermophilus_strain_CS8_chromosome,_complete_genome	Streptococcus_thermophilus_strain_CS8_chromosome,_complete_genome	MATQTIENFNTLDLETLASVEGGGCSWRGAGGATVQGAIGGAFGGNVVLPVVGSVPGYLAGGVLGGAGGTVAYSPLISISRKKI
10	Streptococcus_thermophilus_strain_CS8_chromosome,_complete_genome	Streptococcus_thermophilus_strain_EPS_chromosome,_complete_genome	MATQTIENFNTLDLETLASVEGGGCSWGGAGGATVQGAIGGAIGGAFGGNVVLPVVGSVPGYLAGGVLGGAGGTVAYGATCWWS
11	Escherichia_coli_strain_FORC_069_chromosome,_complete_genome	Escherichia_coli_strain_FORC_069_chromosome,_complete_genome	MREISDHMLDFVKRGMNLNGLPSSTNVIDLRGKDMGTYIDANGACWAPGTPSIIMYPGGSGPSYSMSSSTSSANSGGDAANLLI
11	Escherichia_coli_strain_FORC_069_chromosome,_complete_genome	Escherichia_coli_strain_NCTC9044_genome_assembly,_chromosome:_1	MREISDNMLDSVKGGMNLNGLPASTNVIDLRGKDMGTYIDANGACWAPDTPSIIMYPGGSGPSYSMSSSISSANSGS
12	Enterococcus_faecium_strain_FSIS1608820_chromosome,_complete_genome	Enterococcus_faecium_strain_FSIS1608820_chromosome,_complete_genome	MQNVKELSTKEMKQIIGGENDHRMPNELNRPNNLSKGGAKCGAAIAGGLFGIPKGPLAWAAGLANVYSKCN
13	Lactobacillus_intestinalis_strain_DSM_6629_chromosome,_complete_genome	Lactobacillus_intestinalis_strain_DSM_6629_chromosome,_complete_genome	MVLNEEKLSYVIGGGNPKVAHCASQIGRSTAWGAVSGAATGTAVGQAVGALGGALFGGSMGVIKGSAACVSYLTRHRHH
14	Morganella_morganii_subsp._morganii_strain_QLYYMMQL588_chromosome,_complete_genome	Morganella_morganii_subsp._morganii_strain_QLYYMMQL588_chromosome,_complete_genome	MKELNCAEIELVSGAGCVQDSITDLGKKLGDWGFEQLGPYLTVDLPVIGKVSLKDAYPGLGREVGGKVGSAVGGFIEGKLGGIVDLGGICK
14	Morganella_morganii_subsp._morganii_strain_QLYYMMQL588_chromosome,_complete_genome	Morganella_morganii_subsp._morganii_strain_QLYYMMQL588_chromosome,_complete_genome	MKELNCAEIELVSGAGCVQDSITDLGKKLGDWGFEQLGPYLTVDLPVIGKVSLKDAYPGLGREVGRKVGSAVGGFIEGKLGGIVDLGGICK
14	Morganella_morganii_subsp._morganii_strain_QLYYMMQL588_chromosome,_complete_genome	Morganella_morganii_subsp._morganii_strain_QLYYMMQL588_chromosome,_complete_genome	MKELNCAEIELISGAGCVQDTITDLGKKLGDWGFELLGPYLTVDLPVIGKVSLKDAYPGLGREVGGKVGSAVGGFIEDKLGGIADLGGICK
15	Lactobacillus_amylovorus_DSM_20531_chromosome,_complete_genome	Lactobacillus_amylovorus_DSM_20531_chromosome,_complete_genome	MNKFETLTYEELSAVFGGNGGKARRRRKITNCAKAIGMGALKDGLKYGIAGTAFGTPIGTVGGAIFGANVGIISGSVSCVSHL
16	Klebsiella_variicola_strain_AHKv-S01_chromosome,_complete_genome	Klebsiella_variicola_strain_AHKv-S01_chromosome,_complete_genome	MRELTAFEIENVSGAGWLQDGLASLGSKVGAAAWTMGTDALSINLPLIGTLNLADLAPDLGKTLGESVGSTIGGTIESALASLPVIGGLLNKLLGN
16	Klebsiella_variicola_strain_AHKv-S01_chromosome,_complete_genome	Klebsiella_sp._MPUS7_chromosome,_complete_genome	MRELTAIEIDAVSGAGWLQDSLASIGAKAGAAVWSLSSDMLNIELPIIGTINLSTIAPDLGKTVGETVGFTVGGAIESTLAGLPVIGGLLNKLLGN
17	Klebsiella_variicola_strain_13450_chromosome,_complete_genome	Klebsiella_variicola_strain_13450_chromosome,_complete_genome	MKELSIMEMDYVSGAADTPGWGTGYTWDFSSTQSAITSLANNLFQLGAGVIVGVVGGTLGGMACGAAIAGNTGGGLGFGLIGALGGAVVGGVAGFVGGLTAGVFWGFDTVCQIAEDVLYAGFNGTLVFW
18	Klebsiella_variicola_strain_FDAARGOS_628_chromosome	Klebsiella_variicola_strain_FDAARGOS_628_chromosome	MRELTAFEIENVSGAGWLQDGLASLGSKVGAAAWTMGTDALSINQPPGAEHWLGTDFLGRDVYTRLLLAGRISLIIGLLTMVMSVCLGYLLGALSGYVGGLNPPT
19	Pseudomonas_aeruginosa_strain_NY13936_chromosome,_complete_genome	Pseudomonas_aeruginosa_strain_NY13936_chromosome,_complete_genome	MKKSQRSYQVRELSIIEMDIVSGGNSLDAAATGAGGAIGAGLGKFGGSAAGAWAGATVGGVLGGPVGAVVGLISGRVAGGAFGTVAGAAAGSYAGSAAANAWSRGDKAGTNYDGEGCDYH
19	Pseudomonas_aeruginosa_strain_NY13936_chromosome,_complete_genome	Pseudomonas_aeruginosa_strain_2017-45-169_chromosome,_complete_genome	MKKSQRSYQVRELSIIEMDIVSGGNSLDAAATGAGGRKI
20	Klebsiella_aerogenes_strain_NCTC9652_genome_assembly,_chromosome:_1	Klebsiella_aerogenes_strain_NCTC9652_genome_assembly,_chromosome:_1	MSSIRTLTFEEITKVSGGEGHGSEWARDKRDAAMNASLNGAGAGYGAIPNIDVVGINAAGKYVLSNGQCITSVLLGAAQGIVAAKGGSLSLALQAVTSLRDVASTCNKPSGVPFR
21	Klebsiella_variicola_strain_AHKv-S01_chromosome,_complete_genome	Klebsiella_variicola_strain_AHKv-S01_chromosome,_complete_genome	MRELTAFEIENVSGAGWLQDGLASLGSKVGAAAWTMGTDALSINLPLIGTLNLADLRSARLRVPISGRLMLRASVPIVHAAAPTLLPKEARPSCNQPAPLTFSISNAVNSLMIIFLIM
21	Klebsiella_variicola_strain_AHKv-S01_chromosome,_complete_genome	Klebsiella_quasipneumoniae_strain_A708_chromosome,_complete_genome	MRELTAFEIENVSGAGWLQDGLASLGSKVGAAVWTMGTDALSINLPLLGTINLADLAPDLGKTLGESVGSSIGGTIESTLASLSSAQPETARRRYR
21	Klebsiella_variicola_strain_AHKv-S01_chromosome,_complete_genome	Klebsiella_quasipneumoniae_strain_CAV2013_chromosome,_complete_genome	MRELTAFEIENVSGAGWLQDGLASLGSKVGAAVWTMGTDALSINLPLLGTINLADLAPDLGKTLGESVGSSIGGTIESTLASLPVIGGLLNKLLGN
21	Klebsiella_variicola_strain_AHKv-S01_chromosome,_complete_genome	Klebsiella_pneumoniae_strain_NMBU-W07E18_chromosome,_complete_genome	MRELTAFEIENVSGAGWLQDGLAALGSKVGAAAWTMGTDALSINLPLLGTLNLADLAPDLGKTLGESVGSTIGGTIESALAGLPVIGGLLNKLLGN
21	Klebsiella_variicola_strain_AHKv-S01_chromosome,_complete_genome	Klebsiella_pneumoniae_strain_E16KP0102_chromosome,_complete_genome	MRELTAFEIENVSGAGWLQDGLAALGSKVGAAAWTMGTDALSINLPLLGTLNLADLAPDLGKTLGESIGSSIGGTIESTLAGLPVIGGLLNKLLGN
21	Klebsiella_variicola_strain_AHKv-S01_chromosome,_complete_genome	Klebsiella_pneumoniae_isolate_SB5881_genome_assembly,_chromosome:_SB5881_omosome	MRELTAFEIENVSGAGWLQDGLAALGSKVGAAAWTMGTDALSINLPLLGTLNLADLAPDLGKTLGESIGSSIGGTIESTLASLPVIGGLLNKLLGN
21	Klebsiella_variicola_strain_AHKv-S01_chromosome,_complete_genome	Klebsiella_pneumoniae_SMKP03_DNA,_complete_genome	MRELTAFEIENVSGAGWLQDGLAALGSKVGAAAWTMGTDALLPPSRASRPAW
21	Klebsiella_variicola_strain_AHKv-S01_chromosome,_complete_genome	Klebsiella_pneumoniae_strain_KP20194a_chromosome,_complete_genome	MRELTAFEIENVSGAGWLQDGLAALGSKVGAAAWTMGTDIVNPN
21	Klebsiella_variicola_strain_AHKv-S01_chromosome,_complete_genome	Klebsiella_pneumoniae_SMKP03_DNA,_complete_genome	MRELTAFEIENVSGAGWLQDGLASLGSKVGAAAWTMGTDALSINQYSADSLLLQFPALPIPC
21	Klebsiella_variicola_strain_AHKv-S01_chromosome,_complete_genome	Klebsiella_pneumoniae_strain_KP20194a_chromosome,_complete_genome	MRELTAFEIENVSGAGWLQDGLAALGSKVGAAAWTMGTDN
21	Klebsiella_variicola_strain_AHKv-S01_chromosome,_complete_genome	Klebsiella_pneumoniae_strain_WCHKP13F2_chromosome,_complete_genome	MRELTAFEIENVSGAGWLQDGLAALGSKVGAAAWTMGTDALSINLPLFRVTALFASKIRQIRPLFDQPIDFLNM
21	Klebsiella_variicola_strain_AHKv-S01_chromosome,_complete_genome	Klebsiella_pneumoniae_strain_KP20194a_chromosome,_complete_genome	MRELTAFEIENVSGAGWLQDGLAALGSKVGAAPTLLPKAARPSCNQPAPLTFSISNAVNSLIIIFLIK
21	Klebsiella_variicola_strain_AHKv-S01_chromosome,_complete_genome	Klebsiella_pneumoniae_strain_NMBU-W07E18_chromosome,_complete_genome	MRELTAFEIENVSGAGWLQDGLAALGSKVGAAAWTMGTDALSINLPLLGTLNLADLAPSELQHFLHPK
21	Klebsiella_variicola_strain_AHKv-S01_chromosome,_complete_genome	Klebsiella_pneumoniae_strain_KP20194a_chromosome,_complete_genome	MRELTAVEIENVSGAGWLQDGLAALGSKVGAAEKYHRRLRRCHRPA
22	Rhizobium_leguminosarum_bv._viciae_strain_RCAM0610_chromosome,_complete_genome	Rhizobium_leguminosarum_bv._viciae_strain_RCAM0610_chromosome,_complete_genome	MTEESAKAYFEQLHPKTGEITDEELDNVSGGPKTGEITDEELDNVSGGGCHTKDGRLVVSVMHYCDEWRCKKDGSQCDIYGPMVYCNTCGCGAFCNTCQYCTYEKGLWLCNREK
22	Rhizobium_leguminosarum_bv._viciae_strain_RCAM0610_chromosome,_complete_genome	Rhizobium_leguminosarum_bv._viciae_strain_RCAM0610_chromosome,_complete_genome	MTEESAKAYFEQLHPKTGEITDEELDNVSGGGCHTKDGREIVTVGHGCTGFVCKKCGNENVITGVGVVFCKCGCMAVCNNCKYCTYEKGLWLCNKDSHRKN
23	Butyricimonas_faecalis_strain_H184_plasmid_unnamed,_complete_sequence	Butyricimonas_faecalis_strain_H184_plasmid_unnamed,_complete_sequence	MNTLLVNDFCELSENELFNIAGGWNWKNTVDVAVAVGCVAIGCAGPAGVVVGGIVSIGYAIGRGL
23	Butyricimonas_faecalis_strain_H184_plasmid_unnamed,_complete_sequence	Butyricimonas_faecalis_strain_H184_plasmid_unnamed,_complete_sequence	CELSENELFNIAGGWNWKNTVDVAVAVGCVAIGCAGPAGVVVGGIVSIGYAIGRGL
23	Butyricimonas_faecalis_strain_H184_plasmid_unnamed,_complete_sequence	Butyricimonas_faecalis_strain_H184_plasmid_unnamed,_complete_sequence	MNTLLVNDFCELSENELFNIAGGWNWKNTVDVAVAVGCVAAVCWKLKKIRN
24	Klebsiella_grimontii_strain_RHBSTW-00634_chromosome,_complete_genome	Klebsiella_grimontii_strain_RHBSTW-00634_chromosome,_complete_genome	MKELTVFEMEEISAGADIFGNIGAAALGAVVGAVWGTLIGGTQSGANGGLLGFGLIGNAVGPQPASMRAAPAFRERLSDFEAASTGSFSRASG
24	Klebsiella_grimontii_strain_RHBSTW-00634_chromosome,_complete_genome	Klebsiella_grimontii_strain_RHBSTW-00634_chromosome,_complete_genome	MKELTVFEMQEISAGADIFGNIGAAVLGAVVGAVWGTLIGGTQSGANGGLLGFGLIGNAVRRRICSRVGYDPRSGCSGL
25	Phocaeicola_vulgatus_strain_VIC01_chromosome,_complete_genome	Phocaeicola_vulgatus_strain_VIC01_chromosome,_complete_genome	MKELNLKQMESVNGGLESDCKGALVSLGMGVAGVVLSAASLGSGPVGWVSGLSYGLSLAGTSFSGISNACSIVRIRYIKVKY
25	Phocaeicola_vulgatus_strain_VIC01_chromosome,_complete_genome	Phocaeicola_vulgatus_strain_VIC01_chromosome,_complete_genome	MKELNLKQMESVNGGLESDCKGALVSLGMGVAGVVLSAASLGSGPVGWVSGLSYGLSLAGTSFSGIQTIGSCF
25	Phocaeicola_vulgatus_strain_VIC01_chromosome,_complete_genome	Phocaeicola_vulgatus_strain_VIC01_chromosome,_complete_genome	MKELNLKQMESVNGGLESDCKGALVSLGMGVAGVVLSAASLGSGPVGWVSGLSYGLSLAGTSFSGIQTISI
25	Phocaeicola_vulgatus_strain_VIC01_chromosome,_complete_genome	Phocaeicola_vulgatus_strain_VIC01_chromosome,_complete_genome	MKELNLKQMESVNGGLESDCKGALVSLGMGVAGVVLSAASLGSGPVGWVSGLSYGE
25	Phocaeicola_vulgatus_strain_VIC01_chromosome,_complete_genome	Phocaeicola_vulgatus_strain_VIC01_chromosome,_complete_genome	MKELNLKQMESVNGGLESDCKGALVSLGMGVAGVVLSAASLGSGPVGLCCYGYGY
25	Phocaeicola_vulgatus_strain_VIC01_chromosome,_complete_genome	Phocaeicola_vulgatus_strain_VIC01_chromosome,_complete_genome	MKELNLKQMESVNGGLESDCKGALVSLGMGVAGVVLSAASLGSGPVGWV
25	Phocaeicola_vulgatus_strain_VIC01_chromosome,_complete_genome	Phocaeicola_vulgatus_strain_VIC01_chromosome,_complete_genome	MKELNLKQMESVNGGLESDCKGALVSLGMGVAGVVLSAASLGSGPVRWVSGLSYGLSLAGTSFSGIQTIGSCF
26	Uncultured_bacterium_gwf2_scaffold_12_CRISPR-Cas_system-like_gene,_complete_sequence	Uncultured_bacterium_gwf2_scaffold_12_CRISPR-Cas_system-like_gene,_complete_sequence	MEDEITKRELSDDELDNVSGGGCEENARNCCPQCGSTEAKTIFSREDGSLRTVFSTENCFRFCTPTLWTAVSRILLASSTGHIVQLII
26	Uncultured_bacterium_gwf2_scaffold_12_CRISPR-Cas_system-like_gene,_complete_sequence	Uncultured_bacterium_gwf2_scaffold_12_CRISPR-Cas_system-like_gene,_complete_sequence	MEDEITKRELSDDELDNVSGGGCEENARNCCQA
26	Uncultured_bacterium_gwf2_scaffold_12_CRISPR-Cas_system-like_gene,_complete_sequence	Uncultured_bacterium_gwf2_scaffold_12_CRISPR-Cas_system-like_gene,_complete_sequence	MEDEITKRELSDDELDNVSGGGCEENARNCCQKKCMPDYTR
26	Uncultured_bacterium_gwf2_scaffold_12_CRISPR-Cas_system-like_gene,_complete_sequence	Uncultured_bacterium_gwf2_scaffold_12_CRISPR-Cas_system-like_gene,_complete_sequence	MEDEITKRELSDDELDNVSGGGCEENARNCCPQCGSTEAKTIFSREDGSLVECAVCGTGYWKI
26	Uncultured_bacterium_gwf2_scaffold_12_CRISPR-Cas_system-like_gene,_complete_sequence	Enterococcus_durans_strain_R109-1_chromosome,_complete_genome	MEDEITKRELSDDELDNVSGGGCEENARNCCPQCGSTEVKTIFSREDGSLVECAVCGTGYWKI
26	Uncultured_bacterium_gwf2_scaffold_12_CRISPR-Cas_system-like_gene,_complete_sequence	Uncultured_bacterium_gwf2_scaffold_12_CRISPR-Cas_system-like_gene,_complete_sequence	MEDEITKRELSDDELDNVSGGGCEENARNCCPQCGSTEAKTIFSWSLMLHRQKKCMPDYTR
26	Uncultured_bacterium_gwf2_scaffold_12_CRISPR-Cas_system-like_gene,_complete_sequence	Uncultured_bacterium_gwf2_scaffold_12_CRISPR-Cas_system-like_gene,_complete_sequence	MEDEITKRELSDDELDNVSGGGCMMLHRQKKCMPDYTR
27	Lactobacillus_amylovorus_amylovorin_locus,_strain_DCE471	Lactobacillus_amylovorus_amylovorin_locus,_strain_DCE471	MSKVEVLNEEELTTVVGGTHSKGFHPSKGMKCLSGLTTGFGIGLMRGSAFGAAWGLAKASVLYCGLGPQPQKVY
28	Klebsiella_pneumoniae_strain_NMBU-W07E18_chromosome,_complete_genome	Klebsiella_pneumoniae_strain_NMBU-W07E18_chromosome,_complete_genome	MKELTLNEMEYISGGFNLFGAASGFASFVANSGVGFTSFVLTSGTAFASFVGDSAMAFGSFLTGQSNWETFVTAGKENWGSFVNTRASLAPHGPAMLPFAGALAPLGNNHYKELQ
28	Klebsiella_pneumoniae_strain_NMBU-W07E18_chromosome,_complete_genome	Klebsiella_quasipneumoniae_isolate_SGM81_genome_assembly,_chromosome:_1	MKELTLNEMEYISGGFNLFGAANGFASFVANSAVGFTSFVLTSGTAFASFVGDSAMAFGSFLTGQTNWETFVTTGKENWGSFVNTAGTSWNTFVDNAASDWSSFLNKASA
28	Klebsiella_pneumoniae_strain_NMBU-W07E18_chromosome,_complete_genome	Klebsiella_pneumoniae_strain_Colony260_chromosome	MKELTLNEMEYISGGFNLFGAASGFASFVANSGVGFTSFVLTSGTAFASFVGDSAMAFGSFLTGQSNWETFVTHKGFPV
28	Klebsiella_pneumoniae_strain_NMBU-W07E18_chromosome,_complete_genome	Klebsiella_pneumoniae_strain_F16KP0050_chromosome,_complete_genome	MKELTLNEMEYISGGFNLFGAASGFANFVANSGVGFTSFVLTSGTAFASFVGDSAMAFGSFLTGQSNWETFVTAGKENWGSFVNTAGNSWNTFVNNAASDWNTFLTKASA
28	Klebsiella_pneumoniae_strain_NMBU-W07E18_chromosome,_complete_genome	Klebsiella_pneumoniae_strain_NMBU-W07E18_chromosome,_complete_genome	MKELTLNEMEYISGGFNLFGAASGFASFVANSGVGFTSFVLTSGTAFASFVGDSAMAFGSFLTGQSNWETFVTAGKENWGSFVNTAGNSWNTFVNNAASDWNTFLTKASA
28	Klebsiella_pneumoniae_strain_NMBU-W07E18_chromosome,_complete_genome	Klebsiella_variicola_strain_FH-1_chromosome,_complete_genome	MKELTLNEMEYISGGFNLFGAASGFASFVANSGVGFTSFVLTSGSAFASFVGDSAMAFGSFLTGQSNWETFVTTGSENWGNFVLTAGKNWNIFVDNAASNWNSFLNNASA
28	Klebsiella_pneumoniae_strain_NMBU-W07E18_chromosome,_complete_genome	Klebsiella_variicola_strain_WCHKP19_chromosome,_complete_genome	MKELTLNEMEYISGGFNLFGAASGFASFVANSGVGFTSFVLTSGTAFASFVGDSAMSRCRRRRRQMRCRRSEQKR
29	Klebsiella_oxytoca_strain_4928STDY7071151_genome_assembly,_chromosome:_1	Klebsiella_oxytoca_strain_4928STDY7071151_genome_assembly,_chromosome:_1	MKQLTVFEMEAISGGYSWDFSSLGSALSSLVCNGAEAVASAVLAGTMAGMYGSIIGGAHGSNGGGIFGVGSAAAGVGMIWGLVVGAIGGALAGASVGWDVTFEKTMGMVDGLIDGTLTPWTK
29	Klebsiella_oxytoca_strain_4928STDY7071151_genome_assembly,_chromosome:_1	Klebsiella_pneumoniae_strain_D16KP0109_chromosome,_complete_genome	MKELTINEMESIAGAYSWDFSSFSSALTSILSNSAEAVASALLLGSAAAALGSTIGGTHGSDNGGLFGVGTLGMAIGGLYGLIAGAITGAISGLMYGWDAASAEATKMWDSFSSGSHGIY
29	Klebsiella_oxytoca_strain_4928STDY7071151_genome_assembly,_chromosome:_1	Klebsiella_pneumoniae_strain_D16KP0109_chromosome,_complete_genome	MKELTINEMESIAGAYSWDFSSFSSALTSILSNSAEAVASALLLGSAAAALGSTIGGTHGSDNGGLFGVGTLGMAIGGLYGLIAGAITGAISGLMYGWDAASASNIISNMRYQFIF
29	Klebsiella_oxytoca_strain_4928STDY7071151_genome_assembly,_chromosome:_1	Klebsiella_michiganensis_strain_C52_chromosome,_complete_genome	MKQLTVFEMEEISGGYSWDFSSVANALSSIICNGAEAIGASILGATAGALAGSAMGGIFGGNGGGILGIGSIGQAVGMICGLYIGGLGGAVAGVMVGWDITLDKCIEMFDGFVDGTLAYW
29	Klebsiella_oxytoca_strain_4928STDY7071151_genome_assembly,_chromosome:_1	Klebsiella_michiganensis_strain_F107_chromosome,_complete_genome	MKQLTVFEMEEISGGYSWDFSSITGALTSIVFNSAEAIGASILGATAGALAGSAMGGIFGGNGGGILGIGSIGQAVGMIYGLCVGGVGGAIAGAMVGWDITLDKCIEMFDGFVDGTLAYW
29	Klebsiella_oxytoca_strain_4928STDY7071151_genome_assembly,_chromosome:_1	Klebsiella_michiganensis_strain_5088_chromosome,_complete_genome	MKQLTVFEMEEISGGYSWDFSSVANALSSIICNGAEAIGASILGATAGALAGSAMGGIFGGNGGGILGIGSIGQAVGMIYGLCVGGVGGAIAGAMVGWDITLDKCIEMFDGFVDGTLAYW
29	Klebsiella_oxytoca_strain_4928STDY7071151_genome_assembly,_chromosome:_1	Klebsiella_variicola_strain_FH-1_chromosome,_complete_genome	MKELTVFEMEEISGGALSDTMSDVVTWIAQEIGAITLGASLGALLGTAYAGRWGGVSGGIFGIGSIGQGVGMIAGVILGGVCFGIAAAVVGWDTTFDVVMKGLDGLIDGTFNIWSN
29	Klebsiella_oxytoca_strain_4928STDY7071151_genome_assembly,_chromosome:_1	Klebsiella_variicola_strain_GN02_chromosome,_complete_genome	MKELTVFEMEEISGGALSDTMSDVVTWIAQEIGAITLGASLGALLGTAFAGRWGGVSGGIFGIGSIGQGVGMIAGVIKYQFLII
29	Klebsiella_oxytoca_strain_4928STDY7071151_genome_assembly,_chromosome:_1	Klebsiella_variicola_strain_FH-1_chromosome,_complete_genome	MKELTVFEMEEISGGALSDTMSDVVTWIAQEIGAITLGASLQTQRH
30	Chryseobacterium_sp._G0162_chromosome,_complete_genome	Chryseobacterium_sp._G0162_chromosome,_complete_genome	MKRELSREEMKAIKGGDYCNQLFIIANNNNLSCEACNGANVGSEKGHCGFKLDCSRNCER
31	Clostridium_felsineum_DSM_794_chromosome,_complete_genome	Clostridium_felsineum_DSM_794_chromosome,_complete_genome	MTEESAKAYFDLIHPKTGELSEDELKNVSGGGCHADDGREIVTVCHGCTGFECKKCGTRIKNGELLCTNCGRGTICKNCKYCTYEKALWLCNKPEELMAFAKENNMEMTEESAKAYFEQLHPKTGENHR
32	Ktedonobacteria_bacterium_brp13_DNA,_complete_genome	Ktedonobacteria_bacterium_brp13_DNA,_complete_genome	MKELSNEELKNVNGGIGVGLVVAGIVGVIVGVVSGVEVADYYLK
33	Pseudomonas_aeruginosa_strain_PA-VAP-3_chromosome	Pseudomonas_aeruginosa_strain_PA-VAP-3_chromosome	MKELNDIEVTCVSGGTLSGMIVGAVDGAATGMAIGGKWGGAGGFGFGALSQLVGLVVPTAMGAIAGGTVGLFTNAETAVGYLGQYRENFGPGDVGRTTI
34	Pseudomonas_aeruginosa_strain_CDN118_chromosome,_complete_genome	Pseudomonas_aeruginosa_strain_CDN118_chromosome,_complete_genome	MQLATLQELSFDEIDQVSGAGLFSFVGDAIVDVVKVSNDLLNTSVISSVGKVFNAVGLTPIHQLADTLGYGVFKGVAAVGGLLGGDTSRIDYHYDTEWT
35	Morganella_morganii_subsp._morganii_strain_ZJD581_chromosome,_complete_genome	Morganella_morganii_subsp._morganii_strain_ZJD581_chromosome,_complete_genome	MKELSIQEIEAVSGAGFIKDGLVGVGSKIGDAAFQAFGPYMNVKVPLFGQINIAQKFPGLGKDLGSQIGGNVGDKIESRLTSLPGVGGLFKKLLG
36	Klebsiella_pneumoniae_strain_KP20194a_chromosome,_complete_genome	Klebsiella_pneumoniae_strain_KP20194a_chromosome,_complete_genome	MRELTAFEIENVSGAGWLQDGLAKPAPAPAKWWSSSSTLIEKYHCRPRGRHRPAW
37	Klebsiella_oxytoca_strain_4928STDY7071151_genome_assembly,_chromosome:_1	Klebsiella_oxytoca_strain_4928STDY7071151_genome_assembly,_chromosome:_1	MKELTQYEMENISGAGLFDLPCALVDFTIQSALGLMKVGFDGSLTIAKTALETSLDMLSNLLSGSPSSIGSILADHLNSMMYEKSGIWSNFVYDAATNWGDVISSLQK
37	Klebsiella_oxytoca_strain_4928STDY7071151_genome_assembly,_chromosome:_1	Klebsiella_oxytoca_strain_NCTC13727_genome_assembly,_chromosome:_1	MKELTQYEMENISGAGLFDLPCALVDFTIQSALGLMKVGFDGSLTIAKTALETSLDMLSNLLSGSPSSIGSILADHLNSMMYEKSGIWSNFVYDAATNKK
38	Erythrobacter_aureus_strain_YH-07_chromosome,_complete_genome	Erythrobacter_aureus_strain_YH-07_chromosome,_complete_genome	MELSEELIAKAKGTKTPEELAALAKESSIDLTEEETKAYFEQLHPKTGELSDDELDNVAGGGCHAKDGRLVVTIGHICDNFCCQFCGGGRVKPPAQCCARCDALASCSSCTHCTYERGLWLCNYPACRK
38	Erythrobacter_aureus_strain_YH-07_chromosome,_complete_genome	Erythrobacter_aureus_strain_YH-07_chromosome,_complete_genome	MPWFPPRSDLTEEETKAYFEQLHPKTGELSDDELDNVAGGGCHAKDGRLVVTIGHICDNFCCQFCGGGRVKPPAQCCARCDALASCSSCTHCTYERGLWLCNYPACRK
38	Erythrobacter_aureus_strain_YH-07_chromosome,_complete_genome	Brevibacillus_agri_strain_ACCC03016_chromosome,_complete_genome	MELTEESKTGELSDDELDNVAGGGCHAKDGRLVVTIGHICDNFCCQFCGGGRVKPPAQCCARCDALASCSSCTHCTYERGLWLCNYPACRK
38	Erythrobacter_aureus_strain_YH-07_chromosome,_complete_genome	Erythrobacter_aureus_strain_YH-07_chromosome,_complete_genome	MELTEESAEEETKAYFEQLHPKTGELSDDELDNVAGGGCHAKDGRLVVTIGHICDNFCCQFCGGGRVKPPAQCCARCDALASCSSCTHCTYERGLWLCNYPACRK
39	Paracidovorax_citrulli_strain_M6_chromosome,_complete_genome	Paracidovorax_citrulli_strain_M6_chromosome,_complete_genome	MELSEELIAKAKGTKTPEELAALAKESSIDLTEEEAKAYFEQLHPKTGELSDDELDNVAGGGCHNGGRLVVSVMHYCDEWRCKDDGSQPEETAAEPLNDEALETVSGGRRLEISFDLNKKSDLQDPGRKK
39	Paracidovorax_citrulli_strain_M6_chromosome,_complete_genome	Erythrobacter_aureus_strain_YH-07_chromosome,_complete_genome	MELSEELIAKAKGTKTPEELAALAKESSIDLTEEETKAYFEQLHPKTGELSDDELDNVAGGGCHAKDGRLVVTIGHICDNFCCQFCGGGRVKPPAQCCPQNAPRVF
40	Planktothrix_pseudagardhii_strain_No.713_genome_assembly,_chromosome:_I	Planktothrix_pseudagardhii_strain_No.713_genome_assembly,_chromosome:_I	MSEKFIEQDSKIFELTDEELGAISGGAATTYYSQPYQSSTGVMVVSTVTVSGGHTFDPATGTFSGLSSSGTHGSMVIAASKLDSYLERVTGRGNSVIALDIAGPLVK
40	Planktothrix_pseudagardhii_strain_No.713_genome_assembly,_chromosome:_I	Mucilaginibacter_sp._SJ_chromosome,_complete_genome	MAEKFIEQDSKIFELTDEELGAISGGAATTYYSQPYQSSTGVMVVSTVTVSGGHTFDPATGTFSGLSSSGTHGSMVIAASKLDSYLERVTGRGNSVIALDIAGPLVK
41	MAG:_Bacilli_bacterium_isolate_nC33_bin.244.fa_chromosome	MAG:_Bacilli_bacterium_isolate_nC33_bin.244.fa_chromosome	MKELNINEMKSIEGGTGLTSSMLTAIYKTLEVIYQIGESLGNYIRRKTFYAEYNYQEIPLFDKLLQEFYI
42	Clostridium_novyi_NT,_complete_genome	Clostridium_novyi_NT,_complete_genome	MNKKENKEKKDILNAEERELNLEEMEQVAGGGLRNVYYEQTKEIDESIKERV
43	Thermoanaerobacterium_thermosaccharolyticum_strain_TG57,_complete_genome	Thermoanaerobacterium_thermosaccharolyticum_strain_TG57,_complete_genome	MKNLTLNEQQEIYGGGFEEGREIGHAIGSTLTGALALFGAYVFFKGFIPIV
43	Thermoanaerobacterium_thermosaccharolyticum_strain_TG57,_complete_genome	Thermoanaerobacterium_thermosaccharolyticum_strain_TG57,_complete_genome	MKNLTLNEQQEIYGGGFEEGREIGHAIGSTLTGALALFGAYVFFKE
43	Thermoanaerobacterium_thermosaccharolyticum_strain_TG57,_complete_genome	Phocaeicola_dorei_strain_JR01_chromosome,_complete_genome	MNELTFDELRQIDGGSYEEGRELGHKIGKAFYGACAMYGVYVLFCL
44	Klebsiella_grimontii_strain_RHBSTW-00853_chromosome,_complete_genome	Klebsiella_grimontii_strain_RHBSTW-00853_chromosome,_complete_genome	MKELTIFEMEEIAGGYSWDFSSASAGIQSLVCNAVEAIGSTALGAIVGAGAGTLIGGTQSGENGGMLGFGMFGNLVGMFWGMLWGGVACGAGALALGWDDTLSYVQTALDKILDGTFVPWS
44	Klebsiella_grimontii_strain_RHBSTW-00853_chromosome,_complete_genome	Klebsiella_pneumoniae_strain_A16KP0135_chromosome,_complete_genome	MKQLTVFEMEEISGGYTWDFSSASAAFTSLASNAVEAVAIGALGGIICSIVGAAVGGFQGGSNGGLLGFGLIGNGVGAIAGFILIDP
44	Klebsiella_grimontii_strain_RHBSTW-00853_chromosome,_complete_genome	Klebsiella_michiganensis_strain_YZUMF202001_chromosome,_complete_genome	MKQLTVFEMEEISGGYSWDFSSITGALTSIVFNSAEAIGASILGATAGALAGSAMGGIFGGNGGGILGIGSIGQAVGMIYGLCVGGC
45	Klebsiella_michiganensis_strain_F107_chromosome,_complete_genome	Klebsiella_michiganensis_strain_F107_chromosome,_complete_genome	MKELTIGEMESISGGFNLFGFANSITSLIINSGNHLSDFITSAGATIANAIVNGTVEFGKFLTGASDWDSYVAASNENWRNAVSDLSGEWNTFTNSITAMMLLVKVFHSPDRSLTALRQFSLLAAT
45	Klebsiella_michiganensis_strain_F107_chromosome,_complete_genome	Klebsiella_oxytoca_strain_4928STDY7071151_genome_assembly,_chromosome:_1	MKELTIGEMESISGGFNLVDFATSITSLVVNAGSGFSDFITTAGATIANAIINGTVELGKFLTGASDWSEYLSASHAGLNDALSALSNSWSSFAGEMAADWGAFSKNLTA
45	Klebsiella_michiganensis_strain_F107_chromosome,_complete_genome	Klebsiella_oxytoca_strain_AR380_chromosome,_complete_genome	MKELTIGEMESISGGFNLVDFATSITSLVVNAGSGFSDFITTAGTTIANAIINGTVELGKFLTGASDWSEYLSASHAGLNDALSALSNSWSSFAGEMAADWGAFSKNLTA
45	Klebsiella_michiganensis_strain_F107_chromosome,_complete_genome	Klebsiella_michiganensis_strain_F107_chromosome,_complete_genome	MKELTIGEMESISGGFNLFGFANSITSLIINSGNHLSDFITSAGATIANAIVNGTVEFGKFLTGASDWDSYVAASNENWRNAVSDLSGEWNTFTNSITA
45	Klebsiella_michiganensis_strain_F107_chromosome,_complete_genome	Klebsiella_michiganensis_strain_C52_chromosome,_complete_genome	MKELTIGEMESISGGFNLLGFANSITSFIVDNGNYLSDFITSAGATIANAIVNDTVEFAKFLTGASDWENYVAASNENWSNAVHNLSGEWNTFTNSITA
46	Bacteroides_cellulosilyticus_strain_WH2_chromosome,_complete_genome	Bacteroides_cellulosilyticus_strain_WH2_chromosome,_complete_genome	MKKLGKLKLNNFSEMSEQEMKFVVGGQYDPNAKKACHETAPTCGGVCAPAFIYASDGTLTTVTKTCTVTYDLVTCMCWMSGFKTYIC
46	Bacteroides_cellulosilyticus_strain_WH2_chromosome,_complete_genome	Bacteroides_cellulosilyticus_strain_WH2_chromosome,_complete_genome	LNNFSEMSEQEMKFVIGGQYDPNAKKACHETAPTCGGVCAPAFIYASDGTLTTVTKTCTVTYDLVTHAKICACL
46	Bacteroides_cellulosilyticus_strain_WH2_chromosome,_complete_genome	Bacteroides_cellulosilyticus_strain_WH2_chromosome,_complete_genome	MKKLGKLKLNNFSEMSEQEMKFVVGGQYDPNAKKACHETAPTCGGVCAPAFIYASDGTLTTVTKTCTVTYDLVTHAKICACL
46	Bacteroides_cellulosilyticus_strain_WH2_chromosome,_complete_genome	Bacteroides_cellulosilyticus_strain_WH2_chromosome,_complete_genome	MKKIGKLKLNNFSEMSEQEMKFVVGGQYDPNAKKACHETAPTCGGVCAPAFIYASDGTLTTVTKTCTVTYDLVTHAKICACL
46	Bacteroides_cellulosilyticus_strain_WH2_chromosome,_complete_genome	Bacteroides_cellulosilyticus_strain_WH2_chromosome,_complete_genome	MKKLGKLKLNNFSEMSEQEMKFVIGGQYDPNAKKACHETAPTCGGVCAPAFIYASDGTLTTVTKTCTVTYDLVTHAKICACL
47	Oscillospiraceae_bacterium_CE91-St41_DNA,_complete_genome	Oscillospiraceae_bacterium_CE91-St41_DNA,_complete_genome	MRILKEQELASIKGGGAGVAQLLLHLL
48	No_hit	No_hit	MRKLSKKEAKNVTGGKKYQCRYCSFSTDSRDVMTMHYKGLHNVTWP
49	MAG:_Bacilli_bacterium_isolate_nC33_bin.244.fa_chromosome	MAG:_Bacilli_bacterium_isolate_nC33_bin.244.fa_chromosome	MKELNINEMKSIEGGTGLTSSMLNIKFITNNNIIIIDNKKYYYQIREIDSEYFTDNITTYQIVTINLDMPNKYKYNNLTLDLKLLKENKKIIDYLLRK
49	MAG:_Bacilli_bacterium_isolate_nC33_bin.244.fa_chromosome	MAG:_Bacilli_bacterium_isolate_nC33_bin.244.fa_chromosome	MKELNINEMKSIEGGTGLTSSMLTAIYKTLEVIYQIGESLGNYIRRKTENKMCDI
50	Azospira_restricta_strain_DSM_18626_chromosome,_complete_genome	Azospira_restricta_strain_DSM_18626_chromosome,_complete_genome	MQALCGWTFHLRREGYLLSVLVLGRRPPRRQLSDDELDNVAGGGCHNGGRLVVSAMHYCDEWRCKDDGSQWVIDGMLECCKTCRVAAYCHSCQYCTYEKGLWLCNNPVNMK
50	Azospira_restricta_strain_DSM_18626_chromosome,_complete_genome	Serratia_fonticola_strain_MIP2602_genome_assembly,_chromosome:_MIP2602_c1	MRKPKKRKLKTGEITDEELDNVSGGGCHNGGRLVVSVMHCCDEWRCKDDGSQYYEYGIMVCCNTCGVDAYCRSCQYCTYEKGLWLCNNPVNMK
51	No_hit	No_hit	MQELNVNEMKEVSGGIHWLVASIAFAFVWDTLNDLEGTANACASGRDRALSML
52	Morganella_morganii_strain_AR_0057_chromosome,_complete_genome	Morganella_morganii_strain_AR_0057_chromosome,_complete_genome	MKELNQEQLLSVSGAGIIAAGTVFAGIAFDITAVIMSDITGGREEIIFADHRDASRTRYEVI
52	Morganella_morganii_strain_AR_0057_chromosome,_complete_genome	Morganella_morganii_strain_FDAARGOS_172_chromosome,_complete_genome	MKELNQEQLLFVSGAGFISAGMMFAGIAFDISAVMISNITQNNEEIVFVDHKDISRLRYEVI
53	Nostoc_sp._UHCC_0702_chromosome,_complete_genome	Nostoc_sp._UHCC_0702_chromosome,_complete_genome	MRSLTEQELQTIYGGNIFKSIWNSTYLENSQYVFYVFHHLLDPYIQCYRLLFYIWL
54	Streptomyces_cyanogenus_strain_S136_chromosome,_complete_genome	Streptomyces_cyanogenus_strain_S136_chromosome,_complete_genome	MSSSSSDSSPVWGCSRSKFDRLHPQTGELSDDELDNVAGGGCYSSGGRLKTTCGHKCRHYVDGPSTFGVKGTCCRCLYWGVDPLAVKGGLWTTIIELTIRAAKAMEPRDCYHPANRR
54	Streptomyces_cyanogenus_strain_S136_chromosome,_complete_genome	Streptomyces_cyanogenus_strain_S136_chromosome,_complete_genome	YFDRLHPQTGELSDDELDNVAGGGCYSSGGRLKTTCGHKCRHYVDGPSTFGVKGTCCRCLYWGVDPLAVKGGLWTTIIELTIRAAKAMEPRDCYHPANRR
54	Streptomyces_cyanogenus_strain_S136_chromosome,_complete_genome	Streptomyces_cyanogenus_strain_S136_chromosome,_complete_genome	AYFDRLHPQTGELSDDELDNVAGGGCYSSGGRLKTTCGHKCRHYVDGPSTFGVKGTCCRCLYWGVDPLAVKGGLWTTIIELTIRAAKAMEPRDCYHPANRR
54	Streptomyces_cyanogenus_strain_S136_chromosome,_complete_genome	Streptomyces_cyanogenus_strain_S136_chromosome,_complete_genome	ESAKAYFDRLHPQTGELSDDELDNVAGGGCYSSGGRLKTTCGHKCRHYVDGPSTFGVKGTCCRCLYWGVDPLAVKGGLWTTIIELTIRAAKAMEPRDCYHPANRR
55	Streptomyces_sp._S465_chromosome,_complete_genome	Streptomyces_sp._S465_chromosome,_complete_genome	MENKFTPELIEKAKSAKTPEELLALAKENGVELTEESAKAYLDLLHPKTGELSDSELDNVAGGGCLPWADDPYDTCMADGYCLSDYVCSRCGKRAIYTTYWYAATPAGSPHTAIHVSIVPTKKGCGSAITPLT
56	Christiangramia_salexigens_strain_LPB0144_chromosome,_complete_genome	Christiangramia_salexigens_strain_LPB0144_chromosome,_complete_genome	MITKEQVKEILTKNPAGITKEELKFVSGGGRHRSPVESKSVRKRFANRWMS
57	Pseudomonas_sp._KBS0707_chromosome,_complete_genome	Pseudomonas_sp._KBS0707_chromosome,_complete_genome	MKPLNDDDMENVSGGWNPWGPIFP
58	Eubacterium_siraeum_70/3_draft_genome	Eubacterium_siraeum_70/3_draft_genome	LNIRIRKITENEIQKVIGGNRL
59	Uncultured_bacterium_gwf2_scaffold_12_CRISPR-Cas_system-like_gene,_complete_sequence	Uncultured_bacterium_gwf2_scaffold_12_CRISPR-Cas_system-like_gene,_complete_sequence	MEDEITKRELSDDELDNVSGPDTLSNSSSESSLFVISSSIKNIPPSKIN
60	Klebsiella_pneumoniae_strain_E17KP0052_chromosome,_complete_genome	Klebsiella_pneumoniae_strain_E17KP0052_chromosome,_complete_genome	MRELTAFEIENVSGNAQTATSDFIFVSRANAATGSADRFRATRFFTRHVKRHVIVKDKRAGFREQQTLANRDTTVFQALHLFHQRGRRQHDAVTDDAGDVFTQNA
61	Virgibacillus_sp._Bac332_chromosome,_complete_genome	Virgibacillus_sp._Bac332_chromosome,_complete_genome	NTEILISLSKTELQNINGGEVPRAYYMDQDVINQNWDNLCTLGGLICGFFQGLVGL
61	Virgibacillus_sp._Bac332_chromosome,_complete_genome	No_hit	ILISLSKTELQNINGGEVPRAYYMDQDVINQNWDNLCTLGGLICGFFQGLVGL
62	Liquorilactobacillus_hordei_strain_TMW_1.1822_chromosome,_complete_genome	Liquorilactobacillus_hordei_strain_TMW_1.1822_chromosome,_complete_genome	TELNQNELNTVDGGMPLVLGVLVAGGIVVGTGIVVSSTVYGVGKFVQWAGDKITGSK
