CSM5FZ4M	0.761300183	FALSE
CSM5MCUO	0.632952326	FALSE
CSM5MCVL	0.912606414	TRUE
CSM5MCVN	0.916894653	TRUE
CSM5MCW6	0.962750633	TRUE
CSM5MCWC	0.937907191	TRUE
CSM5MCWE	0.948532941	TRUE
CSM5MCWG	0.9994211	TRUE
CSM5MCWQ	0.716845146	FALSE
CSM5MCX3	0.625626559	FALSE
CSM5MCXD	0.780480176	FALSE
CSM5MCXH	0.698826724	FALSE
CSM5MCXJ	0.719154084	FALSE
CSM5MCXL	0.704921845	FALSE
CSM5MCXN	0.611055919	FALSE
CSM5MCXP	0.692246903	FALSE
CSM5MCXR	0.731100425	FALSE
CSM5MCXT	0.659573937	FALSE
CSM5MCXV	0.671121465	FALSE
CSM5MCY2	0.652004427	FALSE
CSM5MCY4	0.724628575	FALSE
CSM5MCY8	0.756653832	FALSE
CSM5MCYS	0.839459987	TRUE
CSM5MCYW	0.958177295	TRUE
CSM5MCZ3	0.942927335	TRUE
CSM5MCZ5	0.9502114	TRUE
CSM5MCZ7	0.961237618	TRUE
CSM5MCZB	0.719848295	FALSE
CSM5MCZD	0.609852564	FALSE
CSM5MCZF	0.616241148	FALSE
CSM67U9B	0.6459069	FALSE
CSM67U9D	0.628007876	FALSE
CSM67U9H	0.877534003	TRUE
CSM67U9J	0.836286784	FALSE
CSM67U9N	0.732017414	FALSE
CSM67UA2	0.831402461	FALSE
CSM67UAA	0.948846096	TRUE
CSM67UAG	0.989250302	TRUE
CSM67UAK	0.816678873	FALSE
CSM67UAM	0.846772929	TRUE
CSM67UAO	0.822614665	FALSE
CSM67UAQ	0.837305827	FALSE
CSM67UAS	0.816893203	FALSE
CSM67UAU	0.615325322	FALSE
CSM67UAW	0.642563824	FALSE
CSM67UAY	0.681567157	FALSE
CSM67UB1	0.69808127	FALSE
CSM67UB3	0.688962427	FALSE
CSM67UB9	0.828851836	FALSE
CSM67UBB	0.83214627	FALSE
CSM67UBF	0.920654386	TRUE
CSM67UBH	0.893573598	TRUE
CSM67UBN	0.897946976	TRUE
CSM67UBR	0.912468028	TRUE
CSM67UBX	0.759404311	FALSE
CSM67UBZ	0.69263632	FALSE
CSM67UC6	0.698459363	FALSE
CSM67UCK	0.633064847	FALSE
CSM67UDF	0.701863955	FALSE
CSM67UDJ	0.715229645	FALSE
CSM67UDN	0.732569989	FALSE
CSM67UDR	0.645364109	FALSE
CSM67UDR_TR	0.671331981	FALSE
CSM67UDY	0.718489209	FALSE
CSM67UE3	0.761554592	FALSE
CSM67UE7	0.673614897	FALSE
CSM67UEA	0.648886851	FALSE
CSM67UEI	0.783822222	FALSE
CSM67UEM	0.790721393	FALSE
CSM67UEW	0.765419307	FALSE
CSM67UEW_TR	0.776873315	FALSE
CSM67UF1	0.733160472	FALSE
CSM67UF5	0.793432474	FALSE
CSM67UFV	0.621154086	FALSE
CSM67UFZ	0.660025302	FALSE
CSM67UG8	0.609492521	FALSE
CSM67UGC	0.896976137	TRUE
CSM67UGO	0.637459913	FALSE
CSM67UH7	0.835626634	FALSE
CSM79HG5	0.855842946	TRUE
CSM79HGF	0.680252429	FALSE
CSM79HGP	0.856626336	TRUE
CSM79HGX	0.628268119	FALSE
CSM79HGZ	0.709817595	FALSE
CSM79HH4	0.808597814	FALSE
CSM79HH8	0.779168939	FALSE
CSM79HHA	0.868005241	TRUE
CSM79HHM	0.737084405	FALSE
CSM79HHO	0.709810853	FALSE
CSM79HHU	0.726802092	FALSE
CSM79HHW	0.823470415	FALSE
CSM79HI3	0.994018505	TRUE
CSM79HI7	0.99226025	TRUE
CSM79HIB	0.990801682	TRUE
CSM79HID	0.830846549	FALSE
CSM79HIF	0.838746858	TRUE
CSM79HIH	0.831792073	FALSE
CSM79HIJ	0.820419734	FALSE
CSM79HIL	0.845010736	TRUE
CSM79HIN	0.808053186	FALSE
CSM79HIR	0.671494972	FALSE
CSM79HIT	0.642495686	FALSE
CSM79HIV	0.69052421	FALSE
CSM79HIX	0.720530018	FALSE
CSM79HIZ	0.634836771	FALSE
CSM79HJA	0.656053004	FALSE
CSM79HJM	0.804567588	FALSE
CSM79HJO	0.748972625	FALSE
CSM79HJS	0.710866275	FALSE
CSM79HJU	0.79866678	FALSE
CSM79HJW	0.927347014	TRUE
CSM79HJY	0.914521915	TRUE
CSM79HK9	0.676265046	FALSE
CSM79HKB	0.686195374	FALSE
CSM79HKT	0.959924595	TRUE
CSM79HKV	0.964697109	TRUE
CSM79HKX	0.724876496	FALSE
CSM79HKZ	0.764626515	FALSE
CSM79HL4	0.701825795	FALSE
CSM79HL6	0.712644276	FALSE
CSM79HLA	0.729402549	FALSE
CSM79HLA_TR	0.725953987	FALSE
CSM79HLC	0.743062634	FALSE
CSM79HLE	0.746721304	FALSE
CSM79HLG	0.703757913	FALSE
CSM79HLI	0.744961744	FALSE
CSM79HLK	0.72756261	FALSE
CSM79HLM	0.750837234	FALSE
CSM79HM1	0.768574844	FALSE
CSM79HM7	0.758369639	FALSE
CSM79HMN	0.618051323	FALSE
CSM79HMP	0.657446237	FALSE
CSM79HMT	0.644154081	FALSE
CSM79HN2	0.725456752	FALSE
CSM79HN6	0.73332839	FALSE
CSM79HNE	0.853594263	TRUE
CSM79HNI	0.794890251	FALSE
CSM79HNK	0.791334385	FALSE
CSM79HNM	0.813753604	FALSE
CSM79HNO	0.97352351	TRUE
CSM79HNU	0.975412028	TRUE
CSM79HNW	0.97275607	TRUE
CSM79HO1	0.83359849	FALSE
CSM79HOF	0.661758578	FALSE
CSM79HOH	0.666325627	FALSE
CSM79HOJ	0.713383835	FALSE
CSM79HOL	0.616121188	FALSE
CSM79HOT	0.606450002	FALSE
CSM79HOV	0.663349836	FALSE
CSM79HOX	0.69247967	FALSE
CSM79HOZ	0.701251948	FALSE
CSM79HP2	0.677509351	FALSE
CSM79HP4	0.67505826	FALSE
CSM79HP6	0.659361439	FALSE
CSM79HPA	0.802839656	FALSE
CSM79HPA_TR	0.832251927	FALSE
CSM79HPC	0.756520058	FALSE
CSM79HPK	0.892344495	TRUE
CSM79HPS	0.793236714	FALSE
CSM79HQ9	0.96929448	TRUE
CSM79HQB	0.747271467	FALSE
CSM79HQF	0.968224611	TRUE
CSM79HQV	0.911567189	TRUE
CSM79HQX	0.90281382	TRUE
CSM79HQZ	0.832125066	FALSE
CSM79HR2	0.852992517	TRUE
CSM79HR4	0.922419719	TRUE
CSM79HR6	0.816816674	FALSE
CSM79HR8	0.757789166	FALSE
CSM79HRC	0.708729779	FALSE
CSM79HRE	0.717847979	FALSE
CSM79HRG	0.750996129	FALSE
CSM7KOJE	0.993205893	TRUE
CSM7KOJG	0.986467909	TRUE
CSM7KOJO	0.992160305	TRUE
CSM7KOJQ	0.831684524	FALSE
CSM7KOJS	0.850882371	TRUE
CSM7KOJU	0.85550774	TRUE
CSM7KOJW	0.799850739	FALSE
CSM7KOJY	0.833068496	FALSE
CSM7KOK1	0.828609683	FALSE
CSM7KOK5	0.697954619	FALSE
CSM7KOK7	0.637048109	FALSE
CSM7KOKB	0.695639878	FALSE
CSM7KOKD	0.728292989	FALSE
CSM7KOKF	0.697452225	FALSE
CSM7KOKJ	0.703616105	FALSE
CSM7KOKN	0.712402966	FALSE
CSM7KOKR	0.670001022	FALSE
CSM7KOKT	0.735566089	FALSE
CSM7KOKZ	0.747777357	FALSE
CSM7KOL2	0.751678128	FALSE
CSM7KOL4	0.673259223	FALSE
CSM7KOLA	0.62377986	FALSE
CSM7KOLE	0.683673301	FALSE
CSM7KOLK	0.761866535	FALSE
CSM7KOLM	0.766090759	FALSE
CSM7KOLY	0.82943574	FALSE
CSM7KOMB	0.795342219	FALSE
CSM7KOMH	0.961833691	TRUE
CSM7KOMP	0.744671547	FALSE
CSM7KOMT	0.720425183	FALSE
CSM7KOMX	0.650442122	FALSE
CSM7KOMZ	0.649062039	FALSE
CSM7KON2	0.582525741	FALSE
CSM7KON8	0.581810554	FALSE
CSM7KONA	0.795775591	FALSE
CSM7KONK	0.751846334	FALSE
CSM7KOO5	0.752962546	FALSE
CSM7KOO9	0.743352435	FALSE
CSM7KOOD	0.724854488	FALSE
CSM7KOOF	0.726536243	FALSE
CSM7KOOH	0.72327846	FALSE
CSM7KOOJ	0.662533253	FALSE
CSM7KOOL	0.645694764	FALSE
CSM7KOON	0.639324731	FALSE
CSM7KOOP	0.646554127	FALSE
CSM7KOOT	0.938147075	TRUE
CSM7KOOV	0.868797662	TRUE
CSM7KOOX	0.840275498	TRUE
CSM7KOOZ	0.874840704	TRUE
CSM7KOP2	0.906774594	TRUE
CSM7KOP6	0.701372029	FALSE
CSM7KOP8	0.695312282	FALSE
CSM7KOPE	0.732719511	FALSE
CSM7KOPG	0.816871811	FALSE
CSM7KOPI	0.776940159	FALSE
CSM7KOPK	0.801555542	FALSE
CSM7KOPM	0.783211804	FALSE
CSM7KOPO	0.777259942	FALSE
CSM7KOPS	0.730156636	FALSE
CSM7KOPU	0.721125849	FALSE
CSM7KOPW	0.761922711	FALSE
CSM7KOQ1	0.779643177	FALSE
CSM7KOQX	0.62822235	FALSE
CSM7KOR2	0.687086259	FALSE
CSM7KORC	0.73753971	FALSE
CSM7KORG	0.748245898	FALSE
CSM7KORI	0.788825643	FALSE
CSM7KORK	0.740544156	FALSE
CSM7KORM	0.658155414	FALSE
CSM7KORO	0.668180334	FALSE
CSM7KORS	0.72444042	FALSE
CSM7KORU	0.715072637	FALSE
CSM7KOS7	0.829921439	FALSE
CSM7KOSH	0.791213155	FALSE
CSM7KOSJ	0.9328919	TRUE
CSM7KOSL	0.971629288	TRUE
CSM7KOSP	0.941797726	TRUE
CSM7KOST	0.919512035	TRUE
CSM7KOSV	0.754270439	FALSE
CSM7KOSX	0.671139842	FALSE
CSM7KOTA	0.851726432	TRUE
CSM7KOTC	0.810245323	FALSE
CSM7KOTK	0.819303365	FALSE
CSM7KOTO	0.765896769	FALSE
CSM7KOTQ	0.701210249	FALSE
CSM7KOTS	0.702182996	FALSE
CSM7KOTU	0.694762491	FALSE
CSM7KOU9	0.718345608	FALSE
CSM7KOUB	0.74312808	FALSE
CSM7KOUL	0.771688767	FALSE
CSM7KOUN	0.757457538	FALSE
CSM9X1XU	0.77219227	FALSE
CSM9X1Y3	0.690779719	FALSE
CSM9X1Y5	0.786272406	FALSE
CSM9X1YV	0.726434161	FALSE
CSM9X1Z4	0.781078742	FALSE
CSM9X1ZC	0.764479453	FALSE
CSM9X1ZO	0.720689896	FALSE
CSM9X1ZQ	0.74370523	FALSE
CSM9X1ZY	0.726834146	FALSE
CSM9X211	0.713939979	FALSE
CSM9X213	0.724724646	FALSE
CSM9X215	0.790689031	FALSE
CSM9X219	0.689214711	FALSE
CSM9X21J	0.724306754	FALSE
CSM9X21L	0.66425397	FALSE
CSM9X21N	0.754156109	FALSE
CSM9X21R	0.750088407	FALSE
CSM9X21T	0.695690132	FALSE
CSM9X222	0.725315427	FALSE
CSM9X22G	0.71979722	FALSE
CSM9X22I	0.723123705	FALSE
CSM9X22K	0.705034344	FALSE
CSM9X22S	0.690092284	FALSE
CSM9X22U	0.719430701	FALSE
CSM9X233	0.74727452	FALSE
CSM9X235	0.711364855	FALSE
CSM9X237	0.777711441	FALSE
CSM9X23B	0.726901981	FALSE
CSM9X23H	0.832379755	FALSE
CSM9X23N	0.759624607	FALSE
CSMA88CB	0.843154515	TRUE
CSMA8M9R	0.646628843	FALSE
CSMA9J65	0.857627151	TRUE
CSMAAEUA	0.653133272	FALSE
CSMACTZP	0.85677832	TRUE
CSMAE44D	0.672830203	FALSE
CSMAF72L	0.883163771	TRUE
CSMAG78W	0.736859516	FALSE
CSMAH393	0.876589156	TRUE
CSMAHYLR	0.730385338	FALSE
CSMAIG7X	0.904991558	TRUE
ESM5GEXY	0.779609515	FALSE
ESM5ME9U	0.672143258	FALSE
ESM5MEB7	0.755829225	FALSE
ESM5MEBE	0.766123006	FALSE
ESM5MEBG	0.774005104	FALSE
ESM5MEBI	0.800500961	FALSE
ESM5MEBS	0.674310088	FALSE
ESM5MEBU	0.672681324	FALSE
ESM5MEC3	0.71050593	FALSE
ESM5MEC5	0.697958169	FALSE
ESM5MEC9	0.744539165	FALSE
ESM5MECL	0.757986818	FALSE
ESM5MECQ	0.749819381	FALSE
ESM5MED2	0.793256717	FALSE
ESM5MEDD	0.649866304	FALSE
ESM5MEDF	0.732177772	FALSE
ESM5MEDK	0.690926904	FALSE
ESM5MEDN	0.71932754	FALSE
ESM5MEDU	0.641105271	FALSE
ESM718SY	0.691870672	FALSE
ESM718T7	0.792704613	FALSE
ESM718T9	0.803170934	FALSE
ESM718TF	0.823741708	FALSE
ESM718TK	0.880139597	TRUE
ESM718TM	0.820087514	FALSE
ESM718UH	0.71267819	FALSE
ESM718V4	0.86063467	TRUE
ESM718V8	0.785611359	FALSE
ESM7F5AK	0.655211297	FALSE
ESM7F5AM	0.787659855	FALSE
ESM7F5C5	0.768615425	FALSE
ESM7F5C7	0.799024477	FALSE
ESM7F5CB	0.821714095	FALSE
ESM7F5CD	0.773159139	FALSE
ESM7F5CF	0.798379435	FALSE
ESM9IEP1	0.788377548	FALSE
HSM5FZBZ	0.878297876	TRUE
HSM5MD3Y	0.701847132	FALSE
HSM5MD41	0.812261193	FALSE
HSM5MD43	0.69305611	FALSE
HSM5MD48	0.782312415	FALSE
HSM5MD4N	0.665441906	FALSE
HSM5MD4O	0.664452888	FALSE
HSM5MD4Y	0.873041633	TRUE
HSM5MD53	0.820389102	FALSE
HSM5MD5B	0.720955407	FALSE
HSM5MD5D	0.662153822	FALSE
HSM5MD5P	0.798156346	FALSE
HSM5MD62	0.702400257	FALSE
HSM5MD66	0.776468155	FALSE
HSM5MD6A	0.705310192	FALSE
HSM5MD6A_TR	0.695081206	FALSE
HSM5MD6C	0.6702771	FALSE
HSM5MD6I	0.748526749	FALSE
HSM5MD6K	0.713548444	FALSE
HSM5MD6M	0.750765975	FALSE
HSM5MD6Q	0.707453298	FALSE
HSM5MD6W	0.781008188	FALSE
HSM5MD6Y	0.676790811	FALSE
HSM5MD71	0.657267199	FALSE
HSM5MD73	0.643002353	FALSE
HSM5MD79	0.798460064	FALSE
HSM5MD7J	0.88871562	TRUE
HSM5MD7K	0.690769298	FALSE
HSM5MD7Q	0.988470192	TRUE
HSM5MD7S	0.848752634	TRUE
HSM5MD7U	0.831636335	FALSE
HSM67VCZ	0.847933066	TRUE
HSM67VD2	0.792683695	FALSE
HSM67VD4	0.912024567	TRUE
HSM67VD6	0.804188221	FALSE
HSM67VDP	0.938362763	TRUE
HSM67VDT	0.739971687	FALSE
HSM67VDZ	0.93374131	TRUE
HSM67VE4	0.88692637	TRUE
HSM67VEC	0.841086683	TRUE
HSM67VEE	0.816229563	FALSE
HSM67VEG	0.769915851	FALSE
HSM67VEI	0.744265802	FALSE
HSM67VEK	0.790634262	FALSE
HSM67VEM	0.740084629	FALSE
HSM67VEM_TR	0.749409495	FALSE
HSM67VEO	0.691915307	FALSE
HSM67VEQ	0.686650933	FALSE
HSM67VES	0.688745276	FALSE
HSM67VEU	0.669105515	FALSE
HSM67VEW	0.692405612	FALSE
HSM67VF3	0.849234299	TRUE
HSM67VF9	0.925874133	TRUE
HSM67VFD	0.951790712	TRUE
HSM67VFF	0.848195606	TRUE
HSM67VFH	0.947287139	TRUE
HSM67VFJ	0.892174704	TRUE
HSM67VFR	0.872715525	TRUE
HSM67VFX	0.631262541	FALSE
HSM67VFZ	0.657429876	FALSE
HSM67VG8	0.781081751	FALSE
HSM67VGA	0.688352928	FALSE
HSM67VGC	0.667962255	FALSE
HSM67VGG	0.791909704	FALSE
HSM67VGK	0.807951046	FALSE
HSM67VGK_TR	0.814815321	FALSE
HSM67VGY	0.69853336	FALSE
HSM67VH1	0.695789757	FALSE
HSM67VHB	0.789525783	FALSE
HSM67VHD	0.791281212	FALSE
HSM67VHF	0.777972985	FALSE
HSM67VHH	0.824993388	FALSE
HSM67VHJ	0.833479051	FALSE
HSM67VHK	0.935375665	TRUE
HSM67VHQ	0.671484309	FALSE
HSM67VHS	0.692321741	FALSE
HSM67VHW	0.674149263	FALSE
HSM67VI1	0.667293867	FALSE
HSM67VI3	0.693565322	FALSE
HSM67VI5	0.733602848	FALSE
HSM67VI7	0.73211817	FALSE
HSM67VI9	0.723367241	FALSE
HSM67VIB	0.7293644	FALSE
HSM67VID	0.768843593	FALSE
HSM67VIF	0.704213362	FALSE
HSM67VIL	0.838638066	TRUE
HSM6XRQ8	0.798088892	FALSE
HSM6XRQB	0.826103281	FALSE
HSM6XRQI	0.830072504	FALSE
HSM6XRQK	0.803868055	FALSE
HSM6XRQM	0.767535091	FALSE
HSM6XRQO	0.720819374	FALSE
HSM6XRQS	0.872278569	TRUE
HSM6XRQU	0.869566095	TRUE
HSM6XRQW	0.873455516	TRUE
HSM6XRQY	0.869641988	TRUE
HSM6XRR3	0.842626562	TRUE
HSM6XRR5	0.664105476	FALSE
HSM6XRR7	0.68780435	FALSE
HSM6XRRB	0.97402534	TRUE
HSM6XRRD	0.761708638	FALSE
HSM6XRRJ	0.860818799	TRUE
HSM6XRRV	0.655938389	FALSE
HSM6XRS2	0.766893074	FALSE
HSM6XRS4	0.990669816	TRUE
HSM6XRS6	0.987829091	TRUE
HSM6XRSE	0.884843309	TRUE
HSM6XRSG	0.94219192	TRUE
HSM6XRSI	0.942084983	TRUE
HSM6XRSN	0.717579325	FALSE
HSM6XRST	0.697727866	FALSE
HSM6XRSX	0.724901387	FALSE
HSM6XRT8	0.66816109	FALSE
HSM6XRTG	0.760973258	FALSE
HSM6XRTM	0.673646806	FALSE
HSM6XRTO	0.74092834	FALSE
HSM6XRTQ	0.778193123	FALSE
HSM6XRTS	0.717521919	FALSE
HSM6XRUL	0.749306488	FALSE
HSM6XRUN	0.780439983	FALSE
HSM6XRUR	0.883598857	TRUE
HSM6XRUV	0.787702256	FALSE
HSM6XRUX	0.694502956	FALSE
HSM6XRUZ	0.675865227	FALSE
HSM6XRV2	0.695837888	FALSE
HSM6XRV4	0.677510317	FALSE
HSM6XRV6	0.707794942	FALSE
HSM6XRV8	0.729271566	FALSE
HSM6XRVA	0.760608867	FALSE
HSM6XRVC	0.728434997	FALSE
HSM6XRVC_TR	0.771891544	FALSE
HSM6XRVK	0.734345801	FALSE
HSM6XRVM	0.651959375	FALSE
HSM6XRVO	0.705479792	FALSE
HSM6XRVU	0.672856014	FALSE
HSM6XRVW	0.794118906	FALSE
HSM7CYX2	0.935425674	TRUE
HSM7CYX4	0.740625725	FALSE
HSM7CYX6	0.720834891	FALSE
HSM7CYX8	0.709778927	FALSE
HSM7CYXA	0.721337164	FALSE
HSM7CYXC	0.723191403	FALSE
HSM7CYXE	0.818353956	FALSE
HSM7CYXG	0.711910777	FALSE
HSM7CYXI	0.783544087	FALSE
HSM7CYXO	0.826050656	FALSE
HSM7CYXQ	0.723347848	FALSE
HSM7CYXS	0.676817346	FALSE
HSM7CYY3	0.868221543	TRUE
HSM7CYY5	0.777898185	FALSE
HSM7CYY7	0.85414175	TRUE
HSM7CYY9	0.79308291	FALSE
HSM7CYYB	0.993722065	TRUE
HSM7CYYD	0.848873081	TRUE
HSM7CYYF	0.8825153	TRUE
HSM7CYYH	0.838896705	TRUE
HSM7CYYP	0.903634618	TRUE
HSM7CYZ5	0.930500806	TRUE
HSM7CYZ7	0.940089544	TRUE
HSM7CYZ9	0.9003305	TRUE
HSM7CYZB	0.794879491	FALSE
HSM7CYZD	0.78192361	FALSE
HSM7CYZF	0.793951546	FALSE
HSM7CYZJ	0.673214437	FALSE
HSM7CYZL	0.684287551	FALSE
HSM7CYZR	0.688044925	FALSE
HSM7CYZT	0.931903091	TRUE
HSM7CYZV	0.930363728	TRUE
HSM7CZ14	0.91267433	TRUE
HSM7CZ16	0.772877596	FALSE
HSM7CZ18	0.691554889	FALSE
HSM7CZ1A	0.690457234	FALSE
HSM7CZ1C	0.672274225	FALSE
HSM7CZ1E	0.87248866	TRUE
HSM7CZ1G	0.755762828	FALSE
HSM7CZ1V	0.773723595	FALSE
HSM7CZ1Z	0.733451786	FALSE
HSM7CZ22	0.694624377	FALSE
HSM7CZ24	0.710529533	FALSE
HSM7CZ26	0.708955511	FALSE
HSM7CZ28	0.693007436	FALSE
HSM7CZ2A	0.718970965	FALSE
HSM7CZ2E	0.702043673	FALSE
HSM7CZ2H	0.678452931	FALSE
HSM7CZ2Z	0.801598501	FALSE
HSM7CZ32	0.902331209	TRUE
HSM7CZ36	0.928197581	TRUE
HSM7CZ38	0.86600998	TRUE
HSM7CZ3A	0.772059586	FALSE
HSM7CZ3C	0.726414255	FALSE
HSM7CZ3E	0.727614355	FALSE
HSM7CZ3G	0.741162694	FALSE
HSM7J4G1	0.787419455	FALSE
HSM7J4G8	0.707947593	FALSE
HSM7J4GD	0.737718023	FALSE
HSM7J4GP	0.716250824	FALSE
HSM7J4GR	0.746043527	FALSE
HSM7J4HA	0.692448756	FALSE
HSM7J4HC	0.753280382	FALSE
HSM7J4HE	0.833986889	FALSE
HSM7J4HG	0.722602403	FALSE
HSM7J4HI	0.697742353	FALSE
HSM7J4HK	0.716464009	FALSE
HSM7J4HM	0.780164622	FALSE
HSM7J4HO	0.735389993	FALSE
HSM7J4HQ	0.677041652	FALSE
HSM7J4HS	0.76111906	FALSE
HSM7J4HU	0.731665401	FALSE
HSM7J4HW	0.708260331	FALSE
HSM7J4HY	0.735659748	FALSE
HSM7J4I3	0.752592363	FALSE
HSM7J4I5	0.706745619	FALSE
HSM7J4I7	0.717734686	FALSE
HSM7J4I9	0.708270177	FALSE
HSM7J4IC	0.730601656	FALSE
HSM7J4IO	0.803991616	FALSE
HSM7J4IP	0.732937929	FALSE
HSM7J4IQ	0.777629205	FALSE
HSM7J4IR	0.767547486	FALSE
HSM7J4IS	0.780485709	FALSE
HSM7J4IU	0.655983633	FALSE
HSM7J4IW	0.670352823	FALSE
HSM7J4J7	0.79220925	FALSE
HSM7J4J9	0.796375431	FALSE
HSM7J4JD	0.762533613	FALSE
HSM7J4JF	0.74977242	FALSE
HSM7J4JH	0.941483341	TRUE
HSM7J4JJ	0.817137893	FALSE
HSM7J4JN	0.807469923	FALSE
HSM7J4JP	0.815443845	FALSE
HSM7J4JZ	0.729898882	FALSE
HSM7J4K2	0.647802087	FALSE
HSM7J4K6	0.678079304	FALSE
HSM7J4K8	0.718074523	FALSE
HSM7J4KC	0.846452424	TRUE
HSM7J4KG	0.732000158	FALSE
HSM7J4KI	0.69092381	FALSE
HSM7J4KK	0.744689875	FALSE
HSM7J4KM	0.687345015	FALSE
HSM7J4KO	0.735873846	FALSE
HSM7J4KQ	0.695145044	FALSE
HSM7J4L5	0.848210568	TRUE
HSM7J4L9	0.78316668	FALSE
HSM7J4LD	0.886562131	TRUE
HSM7J4LF	0.902499482	TRUE
HSM7J4LN	0.787896315	FALSE
HSM7J4M4	0.728110206	FALSE
HSM7J4M6	0.665589318	FALSE
HSM7J4M8	0.677536606	FALSE
HSM7J4MA	0.663815659	FALSE
HSM7J4MC	0.634228715	FALSE
HSM7J4ME	0.704416158	FALSE
HSM7J4MK	0.733291696	FALSE
HSM7J4MS	0.80020507	FALSE
HSM7J4MW	0.743204134	FALSE
HSM7J4MY	0.711967601	FALSE
HSM7J4N4	0.636668649	FALSE
HSM7J4N6	0.798918397	FALSE
HSM7J4N8	0.721373985	FALSE
HSM7J4NA	0.645632296	FALSE
HSM7J4NC	0.709667753	FALSE
HSM7J4NE	0.746553157	FALSE
HSM7J4NM	0.686017382	FALSE
HSM7J4NO	0.886252882	TRUE
HSM7J4NS	0.709015347	FALSE
HSM7J4NU	0.690967089	FALSE
HSM7J4NY	0.693743121	FALSE
HSM7J4O1	0.680280264	FALSE
HSM7J4O3	0.711912524	FALSE
HSM7J4O5	0.715666881	FALSE
HSM7J4O7	0.69439711	FALSE
HSM7J4O9	0.647161929	FALSE
HSM7J4OB	0.708114594	FALSE
HSM7J4OE	0.760862267	FALSE
HSM7J4OL	0.807966829	FALSE
HSM7J4ON	0.805605549	FALSE
HSM7J4OP	0.793600119	FALSE
HSM7J4OT	0.977207171	TRUE
HSM7J4OV	0.988773839	TRUE
HSM7J4OX	0.886178551	TRUE
HSM7J4OZ	0.768875357	FALSE
HSM7J4P2	0.769003088	FALSE
HSM7J4PA	0.785560286	FALSE
HSM7J4PC	0.670920982	FALSE
HSM7J4PE	0.684489836	FALSE
HSM7J4PG	0.596240051	FALSE
HSM7J4PI	0.691065138	FALSE
HSM7J4PM	0.662333866	FALSE
HSM7J4PO	0.749679787	FALSE
HSM7J4PQ	0.813113153	FALSE
HSM7J4PS	0.78155155	FALSE
HSM7J4PU	0.81727132	FALSE
HSM7J4PW	0.731946185	FALSE
HSM7J4PY	0.771455259	FALSE
HSM7J4Q1	0.702310226	FALSE
HSM7J4Q7	0.709959965	FALSE
HSM7J4Q9	0.756788142	FALSE
HSM7J4QB	0.798485865	FALSE
HSM7J4QF	0.833303439	FALSE
HSM7J4QH	0.810267934	FALSE
HSM7J4QL	0.763347875	FALSE
HSM7J4QT	0.627793604	FALSE
HSM7J4QZ	0.687426892	FALSE
HSM7J4R2	0.76259356	FALSE
HSM7J4RE	0.678789532	FALSE
HSMA33IA	0.758386461	FALSE
HSMA33IC	0.694826892	FALSE
HSMA33IE	0.75408373	FALSE
HSMA33IG	0.745050279	FALSE
HSMA33IK	0.712933024	FALSE
HSMA33IS	0.683135945	FALSE
HSMA33J3	0.769769691	FALSE
HSMA33J5	0.732481112	FALSE
HSMA33J7	0.676745468	FALSE
HSMA33J9	0.680413666	FALSE
HSMA33JB	0.747214515	FALSE
HSMA33JD	0.710639587	FALSE
HSMA33JN	0.764818382	FALSE
HSMA33JP	0.772041012	FALSE
HSMA33JR	0.729837989	FALSE
HSMA33KE	0.756630216	FALSE
HSMA33KM	0.767035563	FALSE
HSMA33KO	0.779253045	FALSE
HSMA33KQ	0.810221699	FALSE
HSMA33KS	0.83876932	TRUE
HSMA33KU	0.786943715	FALSE
HSMA33L1	0.769109397	FALSE
HSMA33LB	0.701909175	FALSE
HSMA33LH	0.706184864	FALSE
HSMA33LH_TR	0.708929166	FALSE
HSMA33LJ	0.675101669	FALSE
HSMA33LP	0.675997046	FALSE
HSMA33LX	0.700551648	FALSE
HSMA33LZ	0.84820387	TRUE
HSMA33M2	0.735661434	FALSE
HSMA33M8	0.874600246	TRUE
HSMA33MA	0.708775901	FALSE
HSMA33MC	0.667151933	FALSE
HSMA33ME	0.76695474	FALSE
HSMA33MG	0.742296194	FALSE
HSMA33MS	0.719175209	FALSE
HSMA33MV	0.746903887	FALSE
HSMA33MZ	0.892105743	TRUE
HSMA33NA	0.742962007	FALSE
HSMA33NC	0.776324281	FALSE
HSMA33NO	0.850314868	TRUE
HSMA33NQ	0.936419656	TRUE
HSMA33NW	0.752652666	FALSE
HSMA33NY	0.656623343	FALSE
HSMA33O1	0.733702159	FALSE
HSMA33O3	0.740769823	FALSE
HSMA33OD	0.78272016	FALSE
HSMA33OJ	0.826017524	FALSE
HSMA33OL	0.873664784	TRUE
HSMA33OR	0.716371904	FALSE
HSMA33OT	0.690001475	FALSE
HSMA33OV	0.638558543	FALSE
HSMA33OX	0.655901282	FALSE
HSMA33OZ	0.711141467	FALSE
HSMA33P6	0.644003453	FALSE
HSMA33PL	0.802071865	FALSE
HSMA33PN	0.778626617	FALSE
HSMA33PX	0.798366256	FALSE
HSMA33PZ	0.817181847	FALSE
HSMA33Q6	0.793244722	FALSE
HSMA33QM	0.648250733	FALSE
HSMA33QO	0.795680609	FALSE
HSMA33QY	0.657870055	FALSE
HSMA33R1	0.741357352	FALSE
HSMA33R5	0.669768239	FALSE
HSMA33R7	0.716798278	FALSE
HSMA33R9	0.642932256	FALSE
HSMA33RD	0.752395361	FALSE
HSMA33RF	0.739240875	FALSE
HSMA33RR	0.753184499	FALSE
HSMA33RT	0.738755167	FALSE
HSMA33RX	0.744337524	FALSE
HSMA33RX_TR	0.767058981	FALSE
HSMA33S4	0.702145508	FALSE
HSMA33SE	0.693072288	FALSE
HSMA33SG	0.640363185	FALSE
HSMA33SI	0.74392744	FALSE
HSMA33SK	0.659371112	FALSE
MSM5LLDA	0.709178755	FALSE
MSM5LLDC	0.709881527	FALSE
MSM5LLDE	0.706125374	FALSE
MSM5LLDI	0.827384206	FALSE
MSM5LLDK	0.788640851	FALSE
MSM5LLDM	0.770130516	FALSE
MSM5LLDQ	0.767456742	FALSE
MSM5LLDS	0.826382423	FALSE
MSM5LLEP	0.6710881	FALSE
MSM5LLER	0.736569215	FALSE
MSM5LLF4	0.972878401	TRUE
MSM5LLF6	0.84177401	TRUE
MSM5LLF8	0.918725054	TRUE
MSM5LLGL	0.674329569	FALSE
MSM5LLHC	0.7562447	FALSE
MSM6J2HD	0.840194558	TRUE
MSM6J2HF	0.807510374	FALSE
MSM6J2HH	0.72620783	FALSE
MSM6J2HJ	0.774569941	FALSE
MSM6J2HL	0.837101882	FALSE
MSM6J2HN	0.675835385	FALSE
MSM6J2HP	0.627817536	FALSE
MSM6J2HR	0.688601577	FALSE
MSM6J2HT	0.74769851	FALSE
MSM6J2IE	0.755947988	FALSE
MSM6J2IG	0.795826864	FALSE
MSM6J2II	0.715029118	FALSE
MSM6J2IK	0.655930364	FALSE
MSM6J2IM	0.701527111	FALSE
MSM6J2IO	0.707868366	FALSE
MSM6J2IQ	0.70064467	FALSE
MSM6J2IY	0.692662424	FALSE
MSM6J2J1	0.665578375	FALSE
MSM6J2J3	0.656387266	FALSE
MSM6J2J5	0.694969512	FALSE
MSM6J2JB	0.728948766	FALSE
MSM6J2JD	0.704539586	FALSE
MSM6J2JN	0.776616099	FALSE
MSM6J2JP	0.828646797	FALSE
MSM6J2JR	0.812806069	FALSE
MSM6J2JT	0.800017347	FALSE
MSM6J2JZ	0.804860012	FALSE
MSM6J2K2	0.833949191	FALSE
MSM6J2K4	0.738706305	FALSE
MSM6J2K6	0.78881798	FALSE
MSM6J2K8	0.665988326	FALSE
MSM6J2KA	0.688641299	FALSE
MSM6J2KC	0.79747561	FALSE
MSM6J2KE	0.809370384	FALSE
MSM6J2KM	0.745327137	FALSE
MSM6J2LB	0.726141099	FALSE
MSM6J2LH	0.847118146	TRUE
MSM6J2LJ	0.884772152	TRUE
MSM6J2LL	0.869008475	TRUE
MSM6J2LN	0.82366022	FALSE
MSM6J2LR	0.884304979	TRUE
MSM6J2LT	0.725719059	FALSE
MSM6J2LV	0.766608983	FALSE
MSM6J2LW	0.684182091	FALSE
MSM6J2LY	0.663174997	FALSE
MSM6J2M3	0.692544179	FALSE
MSM6J2MB	0.840836712	TRUE
MSM6J2MD	0.841627231	TRUE
MSM6J2MF	0.846647071	TRUE
MSM6J2MH	0.834947231	FALSE
MSM6J2MJ	0.812291509	FALSE
MSM6J2ML	0.953691133	TRUE
MSM6J2OH	0.780599881	FALSE
MSM6J2OJ	0.744970299	FALSE
MSM6J2OL	0.841241449	TRUE
MSM6J2ON	0.832965249	FALSE
MSM6J2OP	0.806476083	FALSE
MSM6J2PK	0.761421287	FALSE
MSM6J2PM	0.780751566	FALSE
MSM6J2PO	0.679258953	FALSE
MSM6J2PS	0.687738987	FALSE
MSM6J2PU	0.750186471	FALSE
MSM6J2PW	0.664471824	FALSE
MSM6J2Q1	0.708949327	FALSE
MSM6J2Q3	0.724268216	FALSE
MSM6J2Q5	0.768222954	FALSE
MSM6J2Q7	0.771599457	FALSE
MSM6J2Q9	0.847519676	TRUE
MSM6J2QB	0.759129236	FALSE
MSM6J2QD	0.749114247	FALSE
MSM6J2QF	0.722481042	FALSE
MSM6J2QH	0.642559933	FALSE
MSM6J2QJ	0.622993304	FALSE
MSM6J2QL	0.679310348	FALSE
MSM6J2QP	0.701385397	FALSE
MSM6J2QR	0.689288095	FALSE
MSM6J2R2	0.809706043	FALSE
MSM6J2R8	0.766361029	FALSE
MSM6J2RA	0.749236975	FALSE
MSM6J2RC	0.713969102	FALSE
MSM6J2RK	0.733838757	FALSE
MSM6J2RM	0.693859324	FALSE
MSM6J2RO	0.790553648	FALSE
MSM6J2RQ	0.726580526	FALSE
MSM6J2RS	0.910206076	TRUE
MSM6J2RU	0.703984992	FALSE
MSM6J2SE	0.749796435	FALSE
MSM6J2SI	0.745731665	FALSE
MSM6J2SK	0.81131772	FALSE
MSM79H54	0.826308641	FALSE
MSM79H58	0.805877984	FALSE
MSM79H5A	0.819955094	FALSE
MSM79H5E	0.691174003	FALSE
MSM79H5G	0.665766275	FALSE
MSM79H5K	0.680846377	FALSE
MSM79H5M	0.692684267	FALSE
MSM79H5Q	0.72565847	FALSE
MSM79H5S	0.637857563	FALSE
MSM79H5U	0.655482812	FALSE
MSM79H5Y	0.635616114	FALSE
MSM79H63	0.732870419	FALSE
MSM79H65	0.763930431	FALSE
MSM79H67	0.742762775	FALSE
MSM79H69	0.724794026	FALSE
MSM79H6B	0.708121801	FALSE
MSM79H6D	0.715230558	FALSE
MSM79H6F	0.675488085	FALSE
MSM79H6H	0.791923801	FALSE
MSM79H6J	0.740504964	FALSE
MSM79H6L	0.744480393	FALSE
MSM79H6N	0.722940843	FALSE
MSM79H6Y	0.679735576	FALSE
MSM79H7C	0.66597552	FALSE
MSM79H7E	0.658449888	FALSE
MSM79H7G	0.706587849	FALSE
MSM79H7M	0.683567282	FALSE
MSM79H7O	0.641632314	FALSE
MSM79H7Q	0.615202027	FALSE
MSM79H7W	0.661636644	FALSE
MSM79H7Y	0.624545025	FALSE
MSM79H81	0.774706961	FALSE
MSM79H83	0.771862721	FALSE
MSM79H85	0.798023157	FALSE
MSM79H87	0.839861137	TRUE
MSM79H89	0.751258079	FALSE
MSM79H8B	0.808012907	FALSE
MSM79H8D	0.677988735	FALSE
MSM79H8F	0.799194762	FALSE
MSM79H8H	0.66134475	FALSE
MSM79H8L	0.731131639	FALSE
MSM79H8N	0.70666646	FALSE
MSM79H98	0.723155755	FALSE
MSM79H9A	0.807082375	FALSE
MSM79H9C	0.82282744	FALSE
MSM79H9G	0.823456973	FALSE
MSM79H9K	0.825817192	FALSE
MSM79H9M	0.721053752	FALSE
MSM79H9Q	0.774263783	FALSE
MSM79H9W	0.681301793	FALSE
MSM79H9Y	0.70682737	FALSE
MSM79HA1	0.74515152	FALSE
MSM79HA3	0.827955525	FALSE
MSM79HA7	0.755378455	FALSE
MSM79HAH	0.668687173	FALSE
MSM79HAJ	0.726341721	FALSE
MSM79HAL	0.718772342	FALSE
MSM79HAN	0.74733958	FALSE
MSM79HAR	0.692205989	FALSE
MSM79HAT	0.728559042	FALSE
MSM79HB6	0.763089806	FALSE
MSM79HBB	0.668806889	FALSE
MSM79HBL	0.705851666	FALSE
MSM79HBN	0.948214565	TRUE
MSM79HBP	0.737981837	FALSE
MSM79HBR	0.989086655	TRUE
MSM79HBT	0.990216977	TRUE
MSM79HBV	0.990297972	TRUE
MSM79HBZ	0.879428771	TRUE
MSM79HC4	0.671750453	FALSE
MSM79HC8	0.672599882	FALSE
MSM79HCG	0.777319843	FALSE
MSM79HCI	0.822019749	FALSE
MSM79HCK	0.827219893	FALSE
MSM79HCP	0.800549379	FALSE
MSM79HCR	0.880836149	TRUE
MSM79HDA	0.881726965	TRUE
MSM79HDC	0.829183858	FALSE
MSM79HDE	0.85236229	TRUE
MSM79HDG	0.844585951	TRUE
MSM79HDG_TR	0.852294678	TRUE
MSM79HDI	0.828008018	FALSE
MSM79HDK	0.764197577	FALSE
MSM79HDM	0.687963356	FALSE
MSM79HDO	0.688975064	FALSE
MSM79HDQ	0.687113532	FALSE
MSM79HDQ_TR	0.683075153	FALSE
MSM79HDS	0.706179555	FALSE
MSM79HDU	0.75589755	FALSE
MSM79HEA	0.752766075	FALSE
MSM79HES	0.740374069	FALSE
MSM79HEU	0.782650732	FALSE
MSM79HEW	0.793013654	FALSE
MSM79HEY	0.765322432	FALSE
MSM79HF3	0.727598956	FALSE
MSM79HF5	0.69211799	FALSE
MSM79HF7	0.781287039	FALSE
MSM79HF9	0.746966955	FALSE
MSM79HF9_TR	0.757376317	FALSE
MSM79HFB	0.6598546	FALSE
MSM79HFW	0.673943189	FALSE
MSM79HFY	0.689111022	FALSE
MSM7J16J	0.787361744	FALSE
MSM7J16L	0.79774535	FALSE
MSM7J16N	0.71244879	FALSE
MSM7J16P	0.754813794	FALSE
MSM7J16R	0.784630174	FALSE
MSM9VZEK	0.787060975	FALSE
MSM9VZEK_TR	0.808717321	FALSE
MSM9VZEM	0.818319747	FALSE
MSM9VZEO	0.822851797	FALSE
MSM9VZEQ	0.789415682	FALSE
MSM9VZES	0.745223658	FALSE
MSM9VZEU	0.792835353	FALSE
MSM9VZEW	0.782156308	FALSE
MSM9VZEY	0.79055533	FALSE
MSM9VZF1	0.781470795	FALSE
MSM9VZF3	0.79685285	FALSE
MSM9VZF5	0.781440907	FALSE
MSM9VZF7	0.819394631	FALSE
MSM9VZFF	0.835908922	FALSE
MSM9VZFH	0.786661139	FALSE
MSM9VZFL	0.648010022	FALSE
MSM9VZFN	0.656008013	FALSE
MSM9VZFR	0.670259859	FALSE
MSM9VZFT	0.637866679	FALSE
MSM9VZGO	0.686265218	FALSE
MSM9VZGS	0.74544003	FALSE
MSM9VZGU	0.727086508	FALSE
MSM9VZGW	0.743866299	FALSE
MSM9VZGY	0.689921284	FALSE
MSM9VZH7	0.698921356	FALSE
MSM9VZHB	0.854222522	TRUE
MSM9VZHF	0.76762978	FALSE
MSM9VZHJ	0.769611393	FALSE
MSM9VZHL	0.747053184	FALSE
MSM9VZHN	0.763122378	FALSE
MSM9VZHP	0.764444085	FALSE
MSM9VZHR	0.755211802	FALSE
MSM9VZHT	0.744198014	FALSE
MSM9VZHX	0.789956814	FALSE
MSM9VZHZ	0.817116491	FALSE
MSM9VZI2	0.797433966	FALSE
MSM9VZI6	0.729556192	FALSE
MSM9VZIM	0.867168973	TRUE
MSM9VZIO	0.784911987	FALSE
MSM9VZIQ	0.835012925	FALSE
MSM9VZIS	0.875037104	TRUE
MSM9VZIU	0.827283269	FALSE
MSM9VZIW	0.845309071	TRUE
MSM9VZIY	0.659694675	FALSE
MSM9VZJ3	0.787670165	FALSE
MSM9VZJB	0.763959314	FALSE
MSM9VZJZ	0.713555898	FALSE
MSM9VZKC	0.605618372	FALSE
MSM9VZKE	0.634310529	FALSE
MSM9VZKI	0.619157011	FALSE
MSM9VZL5	0.662306369	FALSE
MSM9VZL7	0.682571438	FALSE
MSM9VZL9	0.669952416	FALSE
MSM9VZLB	0.639856386	FALSE
MSM9VZLD	0.660567459	FALSE
MSM9VZLF	0.662608543	FALSE
MSM9VZLH	0.652333853	FALSE
MSM9VZLJ	0.716233266	FALSE
MSM9VZLL	0.810979973	FALSE
MSM9VZLN	0.716381238	FALSE
MSM9VZLP	0.705154998	FALSE
MSM9VZLR	0.754845754	FALSE
MSM9VZLT	0.758452774	FALSE
MSM9VZLV	0.736069451	FALSE
MSM9VZMA	0.74209034	FALSE
MSM9VZMA_TR	0.736392702	FALSE
MSM9VZMC	0.742715155	FALSE
MSM9VZME	0.761993355	FALSE
MSM9VZMI	0.839858503	TRUE
MSM9VZMM	0.672572962	FALSE
MSM9VZMO	0.683491631	FALSE
MSM9VZMS	0.668352099	FALSE
MSM9VZMU	0.665768919	FALSE
MSM9VZMW	0.727338797	FALSE
MSM9VZNH	0.756601645	FALSE
MSM9VZNH_TR	0.750074042	FALSE
MSM9VZNL	0.697752136	FALSE
MSM9VZNR	0.870136305	TRUE
MSM9VZNX	0.880459318	TRUE
MSM9VZNZ	0.851024965	TRUE
MSM9VZO2	0.871420489	TRUE
MSM9VZOG	0.833491679	FALSE
MSM9VZOI	0.869815856	TRUE
MSM9VZOK	0.770669301	FALSE
MSM9VZOM	0.80716179	FALSE
MSM9VZOO	0.804784808	FALSE
MSM9VZOQ	0.777464051	FALSE
MSM9VZOS	0.821357551	FALSE
MSM9VZOU	0.812452593	FALSE
MSM9VZOW	0.81589132	FALSE
MSM9VZOY	0.777693495	FALSE
MSM9VZP1	0.836511345	FALSE
MSM9VZP3	0.868341892	TRUE
MSM9VZPH	0.698852362	FALSE
MSM9VZPL	0.663222363	FALSE
MSM9VZPN	0.650263186	FALSE
MSM9VZPT	0.770618782	FALSE
MSMA267V	0.697083819	FALSE
MSMA267X	0.728910307	FALSE
MSMA2684	0.715022892	FALSE
MSMA2688	0.829956863	FALSE
MSMA26AL	0.760314651	FALSE
MSMA26AN	0.784531931	FALSE
MSMA26AP	0.795626251	FALSE
MSMA26AR	0.754988967	FALSE
MSMA26AT	0.756685048	FALSE
MSMA26AV	0.639538178	FALSE
MSMA26AX	0.667771307	FALSE
MSMA26AZ	0.671473466	FALSE
MSMA26AZ_TR	0.646916235	FALSE
MSMA26BB	0.683053681	FALSE
MSMA26BD	0.650255906	FALSE
MSMA26BF	0.648916961	FALSE
MSMA26BH	0.671763267	FALSE
MSMA26BJ	0.6663616	FALSE
MSMA26BL	0.662490251	FALSE
MSMA26BN	0.633136977	FALSE
MSMA26BR	0.605515003	FALSE
MSMA26BT	0.645552817	FALSE
MSMA26BV	0.644125916	FALSE
MSMA26BX	0.632559104	FALSE
MSMA26CV	0.696873863	FALSE
MSMA26CX	0.748554936	FALSE
MSMA26DG	0.656856381	FALSE
MSMA26DI	0.658998636	FALSE
MSMA26DK	0.641550561	FALSE
MSMA26DM	0.639252877	FALSE
MSMA26DO	0.665139621	FALSE
MSMA26EJ	0.863562402	TRUE
MSMA26EL	0.849491013	TRUE
MSMA26EN	0.849800317	TRUE
MSMA26ER	0.873004809	TRUE
MSMA26ET	0.861654636	TRUE
MSMA26EZ	0.724449677	FALSE
MSMAPC55	0.703501014	FALSE
MSMAPC57	0.866859266	TRUE
MSMAPC59	0.797728201	FALSE
MSMAPC5B	0.852284534	TRUE
MSMAPC5D	0.821693808	FALSE
MSMAPC5H	0.656633351	FALSE
MSMAPC5L	0.641063476	FALSE
MSMAPC5Z	0.72067507	FALSE
MSMAPC64	0.781596244	FALSE
MSMAPC66	0.692717564	FALSE
MSMAPC6A	0.674215496	FALSE
MSMAPC6C	0.725573922	FALSE
MSMAPC6E	0.706421758	FALSE
MSMAPC6G	0.662343956	FALSE
MSMAPC6K	0.640092977	FALSE
MSMAPC6M	0.664001407	FALSE
MSMAPC6O	0.644834793	FALSE
MSMAPC7J	0.722696626	FALSE
MSMAPC7P	0.740505959	FALSE
MSMAPC7R	0.768848295	FALSE
MSMAPC7T	0.724240881	FALSE
MSMB4LXS	0.760779101	FALSE
MSMB4LXW	0.632124566	FALSE
MSMB4LXY	0.706062397	FALSE
MSMB4LYB	0.685424611	FALSE
MSMB4LYH	0.673332547	FALSE
MSMB4LZ4	0.671583042	FALSE
MSMB4LZ8	0.637293712	FALSE
MSMB4LZC	0.779149099	FALSE
MSMB4LZK	0.779154622	FALSE
MSMB4LZP	0.831845659	FALSE
MSMB4LZR	0.886247301	TRUE
MSMB4LZV	0.695254827	FALSE
MSMB4LZX	0.658623882	FALSE
MSMB4LZZ	0.682390541	FALSE
PSM6XBQS	0.69220466	FALSE
PSM6XBQU	0.627161584	FALSE
PSM6XBQY	0.63934153	FALSE
PSM6XBQY_TR	0.633090524	FALSE
PSM6XBR1	0.653418522	FALSE
PSM6XBRK	0.735994872	FALSE
PSM6XBRK_TR	0.700215281	FALSE
PSM6XBS4	0.697990837	FALSE
PSM6XBS8	0.697869503	FALSE
PSM6XBSA	0.673289059	FALSE
PSM6XBSE	0.739438571	FALSE
PSM6XBSI	0.710148292	FALSE
PSM6XBSK	0.680644297	FALSE
PSM6XBSM	0.654787	FALSE
PSM6XBSO	0.65057309	FALSE
PSM6XBSS	0.655265514	FALSE
PSM6XBSU	0.651333851	FALSE
PSM6XBT1	0.60712317	FALSE
PSM6XBT3	0.835760407	FALSE
PSM6XBT5	0.829087967	FALSE
PSM6XBT7	0.808772122	FALSE
PSM6XBT9	0.847732899	TRUE
PSM6XBTB	0.818774818	FALSE
PSM6XBTL	0.674478034	FALSE
PSM6XBTP	0.650407129	FALSE
PSM6XBTR	0.735071583	FALSE
PSM6XBTT	0.709676178	FALSE
PSM6XBTX	0.692404124	FALSE
PSM6XBU2	0.7163047	FALSE
PSM6XBUG	0.711719734	FALSE
PSM6XBUI	0.689602032	FALSE
PSM6XBUK	0.680673604	FALSE
PSM6XBUM	0.670643253	FALSE
PSM6XBUO	0.660094798	FALSE
PSM6XBUQ	0.6634988	FALSE
PSM6XBV2	0.718231305	FALSE
PSM6XBV4	0.810828588	FALSE
PSM6XBVI	0.766393166	FALSE
PSM6XBVK	0.817364613	FALSE
PSM6XBVM	0.764142933	FALSE
PSM6XBVO	0.733306032	FALSE
PSM6XBVQ	0.701920982	FALSE
PSM6XBVS	0.754068135	FALSE
PSM6XBW3	0.948844345	TRUE
PSM7J127	0.846817347	TRUE
PSM7J12B	0.860695778	TRUE
PSM7J12D	0.802790286	FALSE
PSM7J12F	0.84387478	TRUE
PSM7J12J	0.985935199	TRUE
PSM7J12R	0.968855783	TRUE
PSM7J12V	0.730964655	FALSE
PSM7J12Z	0.658630403	FALSE
PSM7J136	0.656185438	FALSE
PSM7J13E	0.618646676	FALSE
PSM7J13I	0.760272133	FALSE
PSM7J13K	0.786998923	FALSE
PSM7J13M	0.751586131	FALSE
PSM7J13Q	0.764526771	FALSE
PSM7J13Y	0.765264482	FALSE
PSM7J141	0.855937652	TRUE
PSM7J14L	0.99906606	TRUE
PSM7J14N	0.785879187	FALSE
PSM7J14P	0.689862177	FALSE
PSM7J14R	0.661730895	FALSE
PSM7J14T	0.720627421	FALSE
PSM7J14X	0.663890456	FALSE
PSM7J154	0.636304755	FALSE
PSM7J156	0.660871751	FALSE
PSM7J158	0.710374663	FALSE
PSM7J15A	0.74339958	FALSE
PSM7J15G	0.83955896	TRUE
PSM7J15I	0.752062388	FALSE
PSM7J15K	0.85170341	TRUE
PSM7J15M	0.856056853	TRUE
PSM7J15O	0.855712112	TRUE
PSM7J15Q	0.802069105	FALSE
PSM7J15S	0.812753902	FALSE
PSM7J15U	0.820761967	FALSE
PSM7J15W	0.680786316	FALSE
PSM7J161	0.999365616	TRUE
PSM7J163	0.999157187	TRUE
PSM7J169	0.739741505	FALSE
PSM7J16B	0.959548186	TRUE
PSM7J16F	0.824665919	FALSE
PSM7J16U	0.834819827	FALSE
PSM7J16W	0.751666814	FALSE
PSM7J16Y	0.660269093	FALSE
PSM7J171	0.809689489	FALSE
PSM7J173	0.729311103	FALSE
PSM7J179	0.741978827	FALSE
PSM7J17B	0.9989087	TRUE
PSM7J17L	0.71474341	FALSE
PSM7J17T	0.719633478	FALSE
PSM7J17V	0.943418864	TRUE
PSM7J17X	0.96041895	TRUE
PSM7J17Z	0.857807836	TRUE
PSM7J182	0.858533385	TRUE
PSM7J184	0.863558405	TRUE
PSM7J186	0.866380114	TRUE
PSM7J18E	0.696340786	FALSE
PSM7J18G	0.703791936	FALSE
PSM7J18I	0.709956204	FALSE
PSM7J18K	0.710944104	FALSE
PSM7J18M	0.664176784	FALSE
PSM7J18Q	0.784153551	FALSE
PSM7J193	0.820088861	FALSE
PSM7J199	0.699119353	FALSE
PSM7J19B	0.724034053	FALSE
PSM7J19F	0.747527736	FALSE
PSM7J19H	0.723048556	FALSE
PSM7J19J	0.780239879	FALSE
PSM7J19N	0.705421938	FALSE
PSM7J19P	0.742403103	FALSE
PSM7J19R	0.65187241	FALSE
PSM7J19T	0.744200093	FALSE
PSM7J19Z	0.93412969	TRUE
PSM7J1A2	0.938746078	TRUE
PSM7J1A4	0.876149305	TRUE
PSM7J1A6	0.995987989	TRUE
PSM7J1A8	0.947629391	TRUE
PSM7J1AM	0.779684027	FALSE
PSM7J1AO	0.824422725	FALSE
PSM7J1AQ	0.832449569	FALSE
PSM7J1AS	0.829552533	FALSE
PSM7J1AU	0.820771941	FALSE
PSM7J1B7	0.792748927	FALSE
PSM7J1B9	0.750040026	FALSE
PSM7J1BB	0.728848219	FALSE
PSM7J1BD	0.739017059	FALSE
PSM7J1BF	0.7252552	FALSE
PSM7J1BJ	0.995397841	TRUE
PSM7J1BL	0.997058471	TRUE
PSM7J1BP	0.997346202	TRUE
PSM7J1BR	0.987176997	TRUE
PSM7J1BV	0.774717798	FALSE
PSM7J1BX	0.661589163	FALSE
PSM7J1C4	0.699314924	FALSE
PSM7J1C8	0.667766773	FALSE
PSM7J1CC	0.62334411	FALSE
PSM7J1CG	0.709136545	FALSE
PSM7J1CI	0.609974781	FALSE
PSM7J1CU	0.755376258	FALSE
PSM7J1DF	0.704783809	FALSE
PSM7J1DL	0.67017799	FALSE
PSM7J4EF	0.76224618	FALSE
PSMA263M	0.960744939	TRUE
PSMA263S	0.963517064	TRUE
PSMA263U	0.963318746	TRUE
PSMA263W	0.957420078	TRUE
PSMA264K	0.757045633	FALSE
PSMA264O	0.759685484	FALSE
PSMA264Q	0.781380678	FALSE
PSMA264S	0.791531326	FALSE
PSMA264U	0.695267589	FALSE
PSMA264W	0.677308857	FALSE
PSMA2653	0.690954231	FALSE
PSMA2659	0.718055666	FALSE
PSMA265B	0.736183771	FALSE
PSMA265D	0.842407349	TRUE
PSMA265F	0.838859755	TRUE
PSMA265H	0.836683872	FALSE
PSMA265J	0.836712782	FALSE
PSMA265J_TR	0.836712782	FALSE
PSMA265L	0.819823744	FALSE
PSMA265N	0.741223648	FALSE
PSMA265T	0.790027868	FALSE
PSMA265X	0.712318362	FALSE
PSMA2668	0.999604254	TRUE
PSMA266I	0.719491156	FALSE
PSMA266M	0.731123628	FALSE
PSMA266O	0.745586402	FALSE
PSMA266Q	0.709162735	FALSE
PSMA266U	0.75640266	FALSE
PSMA266Y	0.715833328	FALSE
PSMA2671	0.702035643	FALSE
PSMA2675	0.653939748	FALSE
PSMA267D	0.742717159	FALSE
PSMA267F	0.771418335	FALSE
PSMA267H	0.747876595	FALSE
PSMA267J	0.731158902	FALSE
PSMA267P	0.801575973	FALSE
PSMA267R	0.7700477	FALSE
PSMA269G	0.775266692	FALSE
PSMA269O	0.718533252	FALSE
PSMA269S	0.663812474	FALSE
PSMA269W	0.709396968	FALSE
PSMA26A1	0.679253	FALSE
PSMA26A3	0.682001419	FALSE
PSMB4MBI	0.749741766	FALSE
PSMB4MBK	0.698786574	FALSE
PSMB4MBS	0.732561467	FALSE
PSMB4MC1	0.691453182	FALSE
PSMB4MC3	0.719423018	FALSE
PSMB4MC5	0.722597079	FALSE
PSMB4MC7	0.69920915	FALSE
MSM5FZ9N_P	0.860107798	TRUE
CSM5FZ3N_P	0.792314801	FALSE
CSM5FZ3R_P	0.837923416	FALSE
MSM5FZA2_P	0.906327194	TRUE
CSM5YRY7_P	0.856961822	TRUE
MSM5LLI2_P	0.787064159	FALSE
HSM5MEE5_P	0.743481745	FALSE
CSM5FZ3V_P	0.830400527	FALSE
MSM633FF_P	0.860554668	TRUE
ESM5GEYX_P	0.627924231	FALSE
HSM5FZBR_P	0.839655723	TRUE
ESM5GEZ1_P	0.801508803	FALSE
MSM5LLI8_P	0.809486671	FALSE
CSM5FZ3X_P	0.910966993	TRUE
CSM5FZ4A_P	0.775160481	FALSE
MSM5LLGN_P	0.756733552	FALSE
CSM5FZ4E_P	0.787616536	FALSE
CSM5FZ3Z_P	0.912281677	TRUE
ESM5GEZ4_P	0.6649786	FALSE
HSM5MD7W_P	0.884835424	TRUE
MSM5LLIM_P	0.684088101	FALSE
CSM5MCVB_P	0.960878306	TRUE
MSM5LLI4_P	0.706778437	FALSE
CSM5MCVD_P	0.79051476	FALSE
CSM5FZ42_P	0.903049137	TRUE
ESM5GEZ6_P	0.640375137	FALSE
MSM5LLE3_P	0.959144717	TRUE
MSM5LLGR_P	0.711870796	FALSE
HSM5MD8J_P	0.801175246	FALSE
ESM5GEZA_P	0.691734078	FALSE
MSM5LLE9_P	0.96552158	TRUE
ESM5MEAB_P	0.744996648	FALSE
CSM5MCVF_P	0.853225777	TRUE
CSM5FZ44_P	0.878254769	TRUE
CSM5MCUA_P	0.764756114	FALSE
CSM5MCUS_P	0.698587885	FALSE
HSM5MD5H_P	0.815190105	FALSE
HSM5MD4W_P	0.93838648	TRUE
HSM5MD7Z_P	0.695185851	FALSE
MSM5LLGF_P	0.73873199	FALSE
CSM5MCWK_P	0.673114239	FALSE
HSM5MD4P_P	0.667020329	FALSE
CSM5MCVZ_P	0.971182046	TRUE
HSM5MD3L_P	0.639027579	FALSE
HSM5MD47_P	0.723903444	FALSE
MSM5LLD6_P	0.742173319	FALSE
CSM5MCV5_P	0.650022502	FALSE
ESM5MEA9_P	0.777408619	FALSE
MSM5LLGJ_P	0.70860559	FALSE
HSM5MD8F_P	0.767296586	FALSE
HSM5MD8H_P	0.72031543	FALSE
HSM5MD44_P	0.865411489	TRUE
CSM5MCW4_P	0.969989533	TRUE
CSM5MCXF_P	0.643653195	FALSE
MSM6J2JH_P	0.768340168	FALSE
ESM5MEDP_P	0.741338688	FALSE
HSM5MD8D_P	0.770195537	FALSE
CSM5MCYU_P	0.831085852	FALSE
ESM5MEB9_P	0.746122366	FALSE
HSM6XRQC_P	0.937757507	TRUE
HSM5MD6O_P	0.76743518	FALSE
CSM5MCXZ_P	0.711925487	FALSE
HSM6XRT6_P	0.751264861	FALSE
HSM6XRTA_P	0.711448641	FALSE
HSM6XRQE_P	0.836087981	FALSE
CSM67U9V_P	0.715871189	FALSE
HSM6XRSZ_P	0.719211944	FALSE
HSM6XRTC_P	0.728720661	FALSE
HSM5MD6S_P	0.620574333	FALSE
CSM67UB5_P	0.700388201	FALSE
HSM67VCX_P	0.883105338	TRUE
CSM5MCYQ_P	0.760666613	FALSE
HSM67VDX_P	0.771387394	FALSE
CSM67UB7_P	0.66778666	FALSE
HSM6XRT4_P	0.766377883	FALSE
CSM67UCU_P	0.739643382	FALSE
CSM67U9P_P	0.748991358	FALSE
CSM67UEP_P	0.820525532	FALSE
HSM67VDR_P	0.798804426	FALSE
CSM67U9R_P	0.793127694	FALSE
CSM79HGR_P	0.740535596	FALSE
CSM79HJ2_P	0.740379612	FALSE
CSM79HJ4_P	0.756198512	FALSE
MSM6J2PQ_P	0.769292723	FALSE
CSM79HGH_P	0.683423534	FALSE
MSM6J2N6_P	0.891638203	TRUE
CSM67UET_P	0.81267189	FALSE
PSM6XBRM_P	0.756661186	FALSE
CSM79HG7_P	0.70994222	FALSE
MSM79H52_P	0.809195272	FALSE
PSM6XBSC_P	0.683831308	FALSE
HSM67VG6_P	0.67882564	FALSE
CSM79HJ6_P	0.732099074	FALSE
HSM7CZ1T_P	0.755968028	FALSE
PSM6XBVY_P	0.743137918	FALSE
CSM79HNG_P	0.803388121	FALSE
MSM79HF1_P	0.707826233	FALSE
CSM7CZ2F_P	0.721200679	FALSE
CSM79HQT_P	0.793294421	FALSE
PSM6XBTH_P	0.606953356	FALSE
PSM7J19X_P	0.9476584	TRUE
HSM7CZ2L_P	0.656969375	FALSE
CSM79HPQ_P	0.812952357	FALSE
HSM7CYYV_P	0.722527044	FALSE
CSM79HPM_P	0.743763682	FALSE
HSM7CYYR_P	0.794855599	FALSE
HSM7CZ2X_P	0.870378584	TRUE
PSM6XBTZ_P	0.700967462	FALSE
MSM79HBX_P	0.817634788	FALSE
HSM7CZ2J_P	0.759261729	FALSE
CSM79HM5_P	0.720893868	FALSE
HSM7J4Q3_P	0.710488783	FALSE
ESM718U9_P	0.870922863	TRUE
MSM79HCN_P	0.838180836	FALSE
CSM7KONS_P	0.886025719	TRUE
PSM7J1BN_P	0.985643504	TRUE
PSM7J1C2_P	0.871098114	TRUE
PSM7J1CK_P	0.683280924	FALSE
CSM7KOMR_P	0.758307781	FALSE
CSM7KOKP_P	0.683129938	FALSE
CSM79HQR_P	0.745710913	FALSE
PSM7J13U_P	0.886418639	TRUE
PSM7J1CS_P	0.780374709	FALSE
CSM7KOQZ_P	0.685193544	FALSE
CSM7KOMV_P	0.699833669	FALSE
HSM7J4JT_P	0.769378248	FALSE
CSM7KOQP_P	0.990163195	TRUE
MSM9VZN4_P	0.784101957	FALSE
HSM7J4JV_P	0.793784684	FALSE
MSM9VZLX_P	0.720093613	FALSE
HSMA33NG_P	0.791670082	FALSE
HSMA33J1_P	0.646940071	FALSE
HSM5MD49_P	0.788924518	FALSE
HSM5MD8L_P	0.787669684	FALSE
MSM5LLF2_P	0.914044113	TRUE
HSM5MD5X_P	0.7141202	FALSE
MSM6J2JF_P	0.742056568	FALSE
CSM5MCWA_P	0.903461178	TRUE
HSM5MD8B_P	0.768573608	FALSE
HSM5MD6E_P	0.777864819	FALSE
CSM5MCXB_P	0.753275697	FALSE
HSM5MD5F_P	0.740246236	FALSE
MSM9VZJJ_P	0.755072245	FALSE
CSM5MCYI_P	0.793167965	FALSE
CSM5MCXX_P	0.65051155	FALSE
CSM5MCYM_P	0.708747946	FALSE
CSM67U9T_P	0.817866427	FALSE
CSM67U9X_P	0.687255188	FALSE
CSM5MCYO_P	0.68733815	FALSE
PSM6XBQM_P	0.702442959	FALSE
HSM6XRTE_P	0.689506132	FALSE
HSM5MD6U_P	0.679454759	FALSE
HSM6XRT2_P	0.727366146	FALSE
HSM67VG2_P	0.863446078	TRUE
PSM6XBSG_P	0.68883514	FALSE
MSM6J2RG_P	0.734274622	FALSE
CSM79HGV_P	0.699546599	FALSE
CSM79HGJ_P	0.803276377	FALSE
ESM7F5AE_P	0.665348102	FALSE
HSM67VGE_P	0.845027128	TRUE
PSM6XBS2_P	0.649060096	FALSE
CSM79HGD_P	0.683565783	FALSE
CSM79HH2_P	0.76394939	FALSE
CSM79HJI_P	0.776985156	FALSE
HSM67VGI_P	0.744689047	FALSE
CSM79HNY_P	0.754443249	FALSE
CSM79HGL_P	0.778428649	FALSE
CSM79HJ8_P	0.637808915	FALSE
CSM79HGN_P	0.891522778	TRUE
PSM6XBW1_P	0.710711907	FALSE
PSM6XBTF_P	0.64966816	FALSE
HSM7CYWS_P	0.615490302	FALSE
CSM79HJC_P	0.658925617	FALSE
HSM7CZ2V_P	0.759544138	FALSE
ESM5MEC7_P	0.745189896	FALSE
MSM79HD8_P	0.900383559	TRUE
PSM6XBTN_P	0.670768484	FALSE
CSM7KOKH_P	0.734992228	FALSE
HSM67VIJ_P	0.708800056	FALSE
PSM7J1B3_P	0.855849295	TRUE
CSM79HM9_P	0.754601661	FALSE
CSM7KOKL_P	0.725556974	FALSE
MSM79HD6_P	0.698153613	FALSE
CSM7KOU7_P	0.697345629	FALSE
MSM79H9U_P	0.818024136	FALSE
CSM7KONW_P	0.697600682	FALSE
MSM9VZFJ_P	0.732531546	FALSE
CSM7KOQ5_P	0.742388779	FALSE
CSM7KOR4_P	0.679889658	FALSE
CSM7KOR8_P	0.673411463	FALSE
MSM79H94_P	0.850101828	TRUE
CSM7KOUJ_P	0.79234791	FALSE
MSM79H8J_P	0.69280015	FALSE
HSMA33P2_P	0.680863	FALSE
PSMA2651_P	0.694761371	FALSE
MSM9VZJF_P	0.735773695	FALSE
PSM7J143_P	0.833307686	FALSE
HSM5MD5B_P	0.715040227	FALSE
HSM5MD5D_P	0.676469425	FALSE
HSM5MD43_P	0.72109665	FALSE
HSM5MD6I_P	0.787369259	FALSE
HSM6XRSX_P	0.725427909	FALSE
HSM6XRQB_P	0.8452875	TRUE
HSM5MD6K_P	0.742719973	FALSE
CSM67U9H_P	0.884593414	TRUE
CSM67UAI_P	0.96532131	TRUE
PSM6XBRK_P	0.749854132	FALSE
HSM6XRTG_P	0.752816754	FALSE
CSM67UB9_P	0.824580124	FALSE
HSM67VDT_P	0.7377622	FALSE
HSM67VGA_P	0.693286496	FALSE
CSM79HGF_P	0.670479233	FALSE
CSM79HHW_P	0.832045633	FALSE
PSM6XBSE_P	0.694988178	FALSE
CSM67UF1_P	0.746229287	FALSE
MSM6J2M3_P	0.682145806	FALSE
CSM67UEW_P	0.77362644	FALSE
HSM67VFX_P	0.639260155	FALSE
PSM6XBS4_P	0.721279196	FALSE
PSM7J13Y_P	0.793014763	FALSE
MSM5LLHR_P	0.684061579	FALSE
MSM5FZ9X_P	0.898181021	TRUE
MSM5LLHX_P	0.701907408	FALSE
ESM5MEDZ_P	0.774007796	FALSE
ESM5MEE2_P	0.735903266	FALSE
MSM5LLIE_P	0.717544782	FALSE
MSM5LLIQ_P	0.908695076	TRUE
HSM5FZBQ_P	0.802613584	FALSE
MSM5LLIC_P	0.662239311	FALSE
MSM5ZOJY_P	0.897053693	TRUE
MSM5LLHV_P	0.770893191	FALSE
MSM5LLIG_P	0.66974028	FALSE
CSM5FZ3T_P	0.924296928	TRUE
ESM5GEYU_P	0.7626553	FALSE
MSM5LLFG_P	0.683015902	FALSE
MSM5LLFK_P	0.78566256	FALSE
MSM5LLIS_P	0.841977852	TRUE
ESM5MEE6_P	0.745955968	FALSE
CSM5FZ4C_P	0.836244631	FALSE
ESM5MEEJ_P	0.686772961	FALSE
MSM5LLFM_P	0.782992173	FALSE
MSM5LLI6_P	0.801597507	FALSE
ESM5GEYY_P	0.748047289	FALSE
ESM5GEZ3_P	0.741336883	FALSE
CSM5LLGB_P	0.730525895	FALSE
MSM5LLH2_P	0.780086777	FALSE
HSM5FZBP_P	0.851733934	TRUE
MSM5LLIK_P	0.703713783	FALSE
CSM5MCTZ_P	0.690477602	FALSE
MSM5LLFO_P	0.759614763	FALSE
CSM5FZ4G_P	0.681284455	FALSE
CSM5MCUQ_P	0.72787367	FALSE
MSM5LLH4_P	0.803657947	FALSE
ESM5MEBP_P	0.716523945	FALSE
MSM5LLGH_P	0.690782085	FALSE
HSM5MD4U_P	0.917730178	TRUE
MSM5LLHG_P	0.698526763	FALSE
CSM5MCUG_P	0.631995642	FALSE
CSM5MCU8_P	0.748751833	FALSE
ESM5GEYW_P	0.678533864	FALSE
CSM5MCV1_P	0.918640365	TRUE
CSM5MCVV_P	0.817227677	FALSE
MSM5LLHQ_P	0.783114559	FALSE
CSM5FZ4K_P	0.71716479	FALSE
HSM5MD57_P	0.721974784	FALSE
CSM5MCUK_P	0.659833643	FALSE
MSM5LLFU_P	0.826386215	FALSE
CSM5MCUC_P	0.753471973	FALSE
CSM5FZ46_P	0.925428722	TRUE
HSM5MD87_P	0.656463903	FALSE
HSM5MD8P_P	0.786041559	FALSE
ESM5ME9G_P	0.806931101	FALSE
ESM5MEA7_P	0.767815112	FALSE
HSM5MD4B_P	0.819370919	FALSE
MSM5LLH8_P	0.842275504	TRUE
MSM5LLGD_P	0.732317649	FALSE
HSM5MD5K_P	0.924268175	TRUE
CSM5MCU4_P	0.960340511	TRUE
HSM5MD82_P	0.690838976	FALSE
HSM5MD8A_P	0.77178208	FALSE
MSM5LLHI_P	0.716928721	FALSE
ESM5ME9D_P	0.759246347	FALSE
ESM5ME9H_P	0.730983778	FALSE
MSM5LLHO_P	0.683994748	FALSE
CSM5MCWM_P	0.776204527	FALSE
CSM5MCUY_P	0.750501271	FALSE
CSM5MCUE_P	0.766161201	FALSE
CSM5MCVJ_P	0.92970661	TRUE
CSM5MCWI_P	0.848980181	TRUE
MSM5LLHA_P	0.775984392	FALSE
HSM5MD59_P	0.665093875	FALSE
HSM5MD8N_P	0.676789059	FALSE
CSM6J2H9_P	0.615146743	FALSE
HSM5MD4A_P	0.792428442	FALSE
CSM5MCUW_P	0.759108845	FALSE
ESM5MEBA_P	0.774633034	FALSE
HSM5FZC2_P	0.830431219	FALSE